id,title,url,normalized_url,source_name,source_type,published_at,first_seen_at,collected_at,company,brand,product,age_segment,body,snippet,content_hash,metadata_json
1,"「明治ほほえみ」粉ミルク・液体ミルク・らくらくキューブの公式サイト｜株式会社 明治 - Meiji Co., Ltd.",https://www.meiji.co.jp/baby/hohoemi/,https://www.meiji.co.jp/baby/hohoemi,www.meiji.co.jp,official_site,,2026-09-14,2026-09-14T16:56:05,明治,ほほえみ,明治ほほえみ,0-1,"ãææ²»ã»ã»ãã¿ãç²ãã«ã¯ã»æ¶²ä½ãã«ã¯ã»ããããã­ã¥ã¼ãã®å ¬å¼ãµã¤ãï½æ ªå¼ä¼ç¤¾ ææ²» - Meiji Co., Ltd. æ¤ç´¢ ã¡ãã¥ã¼ ååæ å ± ååæ å ±TOP ä¹³è£½å ãã§ã³ã¬ã¼ãã»ã°ã ã¢ã¤ã¹ã»èª¿çé£å ä¹³å ã»å¹¼å ç¨åå ã¹ãã¼ãæ é¤ ç¾å®¹ã»å¥åº· æ é¤é£åã»æµåé£ å® é åå æ°åå ãã©ã³ããµã¤ãä¸è¦§ å°å³ããåæ±åºèãæ¢ã ææ²»ã®å® é ãµã¼ãã¹ æ¥­åç¨è£½å è£½é çµäºåå ååæ å ± ååæ å ± éãã ä¹³è£½å ãã§ã³ã¬ã¼ãã»ã°ã ã¢ã¤ã¹ã»èª¿çé£å ä¹³å ã»å¹¼å ç¨åå ã¹ãã¼ãæ é¤ ç¾å®¹ã»å¥åº· æ é¤é£åã»æµåé£ å® é åå æ°åå ãã©ã³ããµã¤ãä¸è¦§ å°å³ããåæ±åºèãæ¢ã ææ²»ã®å® é ãµã¼ãã¹ æ¥­åç¨è£½å è£½é çµäºåå ã­ã£ã³ãã¼ã³ ã­ã£ã³ãã¼ã³TOP ææ²»ä¼å¡IDéå®ã­ã£ã³ãã¼ã³ ã­ã£ã³ãã¼ã³ ã­ã£ã³ãã¼ã³ éãã ææ²»ä¼å¡IDéå®ã­ã£ã³ãã¼ã³ é£ãç¥ãã»æ¥½ãã é£ãç¥ãã»æ¥½ããTOP é£è² ã¬ã·ã ä½é¨ã»å­¦ã¶ å¥åº·ã»æ é¤ è¦ããã»ç¥ã è²å ã»ä»è­· éã¶ã»æ¥½ãã ãã®ä» é£ãç¥ãã»æ¥½ãã é£ãç¥ãã»æ¥½ãã éãã é£è² ã¬ã·ã ä½é¨ã»å­¦ã¶ å¥åº·ã»æ é¤ è¦ããã»ç¥ã è²å ã»ä»è­· éã¶ã»æ¥½ãã ãã®ä» åè³ªã¸ã®åãçµã¿ åè³ªã¸ã®åãçµã¿TOP åè³ªã¸ã®ãã ãã ç ç©¶éçº åè³ªã¸ã®åãçµã¿ åè³ªã¸ã®åãçµã¿ éãã åè³ªã¸ã®ãã ãã ç ç©¶éçº ãå®¢æ§ãµãã¼ã ãå®¢æ§ãµãã¼ãTOP ãåãåãã Q&A ãããããè³ªå ãå®¢æ§ã®å£°ãæ´»ããã¾ãã ææ²» èµ¤ã¡ããç¸è«å®¤ ãå®¢æ§å¿å¯¾åºæ¬æ¹éã¨è¡åæé ãåãåããå¿å¯¾ã«ããã åäººæ å ±ã®åæ±ãã«ã¤ãã¦ ãå®¢æ§ãµãã¼ã ãå®¢æ§ãµãã¼ã éãã ãåãåãã Q&A ãããããè³ªå ãå®¢æ§ã®å£°ãæ´»ããã¾ãã ææ²» èµ¤ã¡ããç¸è«å®¤ ãå®¢æ§å¿å¯¾åºæ¬æ¹éã¨è¡åæé ãåãåããå¿å¯¾ã«ãããåäººæ å ±ã®åæ±ãã«ã¤ãã¦ ãµã¹ããããªãã£ æ¡ç¨æ å ± ææ²»ä¼å¡ID ä¼ç¤¾æ¦è¦ ææ²»ãã¼ã«ãã£ã³ã°ã¹æ ªå¼ä¼ç¤¾ éãã ããæ¤ç´¢ããã¦ããã¯ã¼ã ã¬ã·ã é£ã®æ é¤ãã©ã³ã¹ãã§ãã¯ ãã§ã³ã¬ã¼ã å·¥å ´è¦å­¦ ã¨ã¼ã°ã«ã çä¹³ é£è² ãã¬ã¹ãªãªã¼ã¹ ã¢ã¤ã¹ ã¢ã¬ã«ã®ã¼ ãã¼ãº ã­ã£ã³","ãææ²»ã»ã»ãã¿ãç²ãã«ã¯ã»æ¶²ä½ãã«ã¯ã»ããããã­ã¥ã¼ãã®å ¬å¼ãµã¤ãï½æ ªå¼ä¼ç¤¾ ææ²» - Meiji Co., Ltd. æ¤ç´¢ ã¡ãã¥ã¼ ååæ å ± ååæ å ±TOP ä¹³è£½å ãã§ã³ã¬ã¼ãã»ã°ã ã¢ã¤ã¹ã»èª¿çé£å ä¹³å ã»å¹¼å ç¨åå ã¹ãã¼ãæ é¤ ç¾å",1e6cbf25fb935c0606fbce53834ddee00b60358f5519e4cd3f8de815662dff46,{}
2,"キャンペーン | 株式会社 明治 - Meiji Co., Ltd.",https://www.meiji.co.jp/campaign/,https://www.meiji.co.jp/campaign,www.meiji.co.jp,official_site,,2026-09-14,2026-09-14T16:47:05,明治,ほほえみ,明治ほほえみ,0-1,"ã­ã£ã³ãã¼ã³ | æ ªå¼ä¼ç¤¾ ææ²» - Meiji Co., Ltd. æ¤ç´¢ ã¡ãã¥ã¼ ååæ å ± ååæ å ±TOP ä¹³è£½å ãã§ã³ã¬ã¼ãã»ã°ã ã¢ã¤ã¹ã»èª¿çé£å ä¹³å ã»å¹¼å ç¨åå ã¹ãã¼ãæ é¤ ç¾å®¹ã»å¥åº· æ é¤é£åã»æµåé£ å® é åå æ°åå ãã©ã³ããµã¤ãä¸è¦§ å°å³ããåæ±åºèãæ¢ã ææ²»ã®å® é ãµã¼ãã¹ æ¥­åç¨è£½å è£½é çµäºåå ååæ å ± ååæ å ± éãã ä¹³è£½å ãã§ã³ã¬ã¼ãã»ã°ã ã¢ã¤ã¹ã»èª¿çé£å ä¹³å ã»å¹¼å ç¨åå ã¹ãã¼ãæ é¤ ç¾å®¹ã»å¥åº· æ é¤é£åã»æµåé£ å® é åå æ°åå ãã©ã³ããµã¤ãä¸è¦§ å°å³ããåæ±åºèãæ¢ã ææ²»ã®å® é ãµã¼ãã¹ æ¥­åç¨è£½å è£½é çµäºåå ã­ã£ã³ãã¼ã³ ã­ã£ã³ãã¼ã³TOP ææ²»ä¼å¡IDéå®ã­ã£ã³ãã¼ã³ ã­ã£ã³ãã¼ã³ ã­ã£ã³ãã¼ã³ éãã ææ²»ä¼å¡IDéå®ã­ã£ã³ãã¼ã³ é£ãç¥ãã»æ¥½ãã é£ãç¥ãã»æ¥½ããTOP é£è² ã¬ã·ã ä½é¨ã»å­¦ã¶ å¥åº·ã»æ é¤ è¦ããã»ç¥ã è²å ã»ä»è­· éã¶ã»æ¥½ãã ãã®ä» é£ãç¥ãã»æ¥½ãã é£ãç¥ãã»æ¥½ãã éãã é£è² ã¬ã·ã ä½é¨ã»å­¦ã¶ å¥åº·ã»æ é¤ è¦ããã»ç¥ã è²å ã»ä»è­· éã¶ã»æ¥½ãã ãã®ä» åè³ªã¸ã®åãçµã¿ åè³ªã¸ã®åãçµã¿TOP åè³ªã¸ã®ãã ãã ç ç©¶éçº åè³ªã¸ã®åãçµã¿ åè³ªã¸ã®åãçµã¿ éãã åè³ªã¸ã®ãã ãã ç ç©¶éçº ãå®¢æ§ãµãã¼ã ãå®¢æ§ãµãã¼ãTOP ãåãåãã Q&A ãããããè³ªå ãå®¢æ§ã®å£°ãæ´»ããã¾ãã ææ²» èµ¤ã¡ããç¸è«å®¤ ãå®¢æ§å¿å¯¾åºæ¬æ¹éã¨è¡åæé ãåãåããå¿å¯¾ã«ããã åäººæ å ±ã®åæ±ãã«ã¤ãã¦ ãå®¢æ§ãµãã¼ã ãå®¢æ§ãµãã¼ã éãã ãåãåãã Q&A ãããããè³ªå ãå®¢æ§ã®å£°ãæ´»ããã¾ãã ææ²» èµ¤ã¡ããç¸è«å®¤ ãå®¢æ§å¿å¯¾åºæ¬æ¹éã¨è¡åæé ãåãåããå¿å¯¾ã«ãããåäººæ å ±ã®åæ±ãã«ã¤ãã¦ ãµã¹ããããªãã£ æ¡ç¨æ å ± ææ²»ä¼å¡ID ä¼ç¤¾æ¦è¦ ææ²»ãã¼ã«ãã£ã³ã°ã¹æ ªå¼ä¼ç¤¾ éãã ããæ¤ç´¢ããã¦ããã¯ã¼ã ã¬ã·ã é£ã®æ é¤ãã©ã³ã¹ãã§ãã¯ ãã§ã³ã¬ã¼ã å·¥å ´è¦å­¦ ã¨ã¼ã°ã«ã çä¹³ é£è² ãã¬ã¹ãªãªã¼ã¹ ã¢ã¤ã¹ ã¢ã¬ã«ã®ã¼ ãã¼ãº ã­ã£ã³ãã¼ã³ åãåãã ææ²»ããã ã­ã£ã³ãã¼ã³ ã­ã£ã³ãã¼ã³ å","ã­ã£ã³ãã¼ã³ | æ ªå¼ä¼ç¤¾ ææ²» - Meiji Co., Ltd. æ¤ç´¢ ã¡ãã¥ã¼ ååæ å ± ååæ å ±TOP ä¹³è£½å ãã§ã³ã¬ã¼ãã»ã°ã ã¢ã¤ã¹ã»èª¿çé£å ä¹³å ã»å¹¼å ç¨åå ã¹ãã¼ãæ é¤ ç¾å®¹ã»å¥åº· æ é¤é£åã»æµåé£ å® é åå æ°åå ãã©ã³ããµã¤ã",fc777499755c43895caf48008decf0b49cad6edf848d8e67a204bc0b43a27320,{}
3,"明治 プレママから幼児期まで つながるポイントキャンペーン | 株式会社明治‐MeijiCo.,Ltd.",https://www.meiji.co.jp/baby/cmp/close2609/?link=hce26071504,https://www.meiji.co.jp/baby/cmp/close2609?link=hce26071504,www.meiji.co.jp,official_site,,2026-09-14,2026-09-14T16:47:06,明治,ほほえみ,明治ほほえみ,0-1,"ææ²» ãã¬ããããå¹¼å æã¾ã§ ã¤ãªãããã¤ã³ãã­ã£ã³ãã¼ã³ | æ ªå¼ä¼ç¤¾ææ²»âMeijiCo.,Ltd. æ¤ç´¢ ã¡ãã¥ã¼ ååæ å ± ååæ å ±TOP ä¹³è£½å ãã§ã³ã¬ã¼ãã»ã°ã ã¢ã¤ã¹ã»èª¿çé£å ä¹³å ã»å¹¼å ç¨åå ã¹ãã¼ãæ é¤ ç¾å®¹ã»å¥åº· æ é¤é£åã»æµåé£ å® é åå æ°åå ãã©ã³ããµã¤ãä¸è¦§ å°å³ããåæ±åºèãæ¢ã ææ²»ã®å® é ãµã¼ãã¹ æ¥­åç¨è£½å è£½é çµäºåå ååæ å ± ååæ å ± éãã ä¹³è£½å ãã§ã³ã¬ã¼ãã»ã°ã ã¢ã¤ã¹ã»èª¿çé£å ä¹³å ã»å¹¼å ç¨åå ã¹ãã¼ãæ é¤ ç¾å®¹ã»å¥åº· æ é¤é£åã»æµåé£ å® é åå æ°åå ãã©ã³ããµã¤ãä¸è¦§ å°å³ããåæ±åºèãæ¢ã ææ²»ã®å® é ãµã¼ãã¹ æ¥­åç¨è£½å è£½é çµäºåå ã­ã£ã³ãã¼ã³ ã­ã£ã³ãã¼ã³TOP ææ²»ä¼å¡IDéå®ã­ã£ã³ãã¼ã³ ã­ã£ã³ãã¼ã³ ã­ã£ã³ãã¼ã³ éãã ææ²»ä¼å¡IDéå®ã­ã£ã³ãã¼ã³ é£ãç¥ãã»æ¥½ãã é£ãç¥ãã»æ¥½ããTOP é£è² ã¬ã·ã ä½é¨ã»å­¦ã¶ å¥åº·ã»æ é¤ è¦ããã»ç¥ã è²å ã»ä»è­· éã¶ã»æ¥½ãã ãã®ä» é£ãç¥ãã»æ¥½ãã é£ãç¥ãã»æ¥½ãã éãã é£è² ã¬ã·ã ä½é¨ã»å­¦ã¶ å¥åº·ã»æ é¤ è¦ããã»ç¥ã è²å ã»ä»è­· éã¶ã»æ¥½ãã ãã®ä» åè³ªã¸ã®åãçµã¿ åè³ªã¸ã®åãçµã¿TOP åè³ªã¸ã®ãã ãã ç ç©¶éçº åè³ªã¸ã®åãçµã¿ åè³ªã¸ã®åãçµã¿ éãã åè³ªã¸ã®ãã ãã ç ç©¶éçº ãå®¢æ§ãµãã¼ã ãå®¢æ§ãµãã¼ãTOP ãåãåãã Q&A ãããããè³ªå ãå®¢æ§ã®å£°ãæ´»ããã¾ãã ææ²» èµ¤ã¡ããç¸è«å®¤ ãå®¢æ§å¿å¯¾åºæ¬æ¹éã¨è¡åæé ãåãåããå¿å¯¾ã«ããã åäººæ å ±ã®åæ±ãã«ã¤ãã¦ ãå®¢æ§ãµãã¼ã ãå®¢æ§ãµãã¼ã éãã ãåãåãã Q&A ãããããè³ªå ãå®¢æ§ã®å£°ãæ´»ããã¾ãã ææ²» èµ¤ã¡ããç¸è«å®¤ ãå®¢æ§å¿å¯¾åºæ¬æ¹éã¨è¡åæé ãåãåããå¿å¯¾ã«ãããåäººæ å ±ã®åæ±ãã«ã¤ãã¦ ãµã¹ããããªãã£ æ¡ç¨æ å ± ææ²»ä¼å¡ID ä¼ç¤¾æ¦è¦ ææ²»ãã¼ã«ãã£ã³ã°ã¹æ ªå¼ä¼ç¤¾ éãã ããæ¤ç´¢ããã¦ããã¯ã¼ã ã¬ã·ã é£ã®æ é¤ãã©ã³ã¹ãã§ãã¯ ãã§ã³ã¬ã¼ã å·¥å ´è¦å­¦ ã¨ã¼ã°ã«ã çä¹³ é£è² ãã¬ã¹ãªãªã¼ã¹ ã¢ã¤ã¹ ã¢ã¬ã«ã®ã¼ ãã¼ãº ã­ã£ã³ãã¼ã³ åãå","ææ²» ãã¬ããããå¹¼å æã¾ã§ ã¤ãªãããã¤ã³ãã­ã£ã³ãã¼ã³ | æ ªå¼ä¼ç¤¾ææ²»âMeijiCo.,Ltd. æ¤ç´¢ ã¡ãã¥ã¼ ååæ å ± ååæ å ±TOP ä¹³è£½å ãã§ã³ã¬ã¼ãã»ã°ã ã¢ã¤ã¹ã»èª¿çé£å ä¹³å ã»å¹¼å ç¨åå ã¹ãã¼ãæ é¤ ç¾å®¹ã»å¥åº· æ é¤é",a43f0f14cb2a590d104bb31e4a256878be280294b3fa4053a549228479e89073,{}
4,"こそだてMINNAdeプロジェクト｜株式会社 明治 - Meiji Co., Ltd.",https://www.meiji.co.jp/baby/kosodateminnade/local/?utm_source=owned&utm_medium=banner&utm_campaign=kosodateminnade_local_hohoemi,https://www.meiji.co.jp/baby/kosodateminnade/local,www.meiji.co.jp,official_site,,2026-09-14,2026-09-14T16:47:06,明治,ほほえみ,明治ほほえみ,0-1,"ããã ã¦MINNAdeãã­ã¸ã§ã¯ãï½æ ªå¼ä¼ç¤¾ ææ²» - Meiji Co., Ltd. æ¤ç´¢ ã¡ãã¥ã¼ ååæ å ± ååæ å ±TOP ä¹³è£½å ãã§ã³ã¬ã¼ãã»ã°ã ã¢ã¤ã¹ã»èª¿çé£å ä¹³å ã»å¹¼å ç¨åå ã¹ãã¼ãæ é¤ ç¾å®¹ã»å¥åº· æ é¤é£åã»æµåé£ å® é åå æ°åå ãã©ã³ããµã¤ãä¸è¦§ å°å³ããåæ±åºèãæ¢ã ææ²»ã®å® é ãµã¼ãã¹ æ¥­åç¨è£½å è£½é çµäºåå ååæ å ± ååæ å ± éãã ä¹³è£½å ãã§ã³ã¬ã¼ãã»ã°ã ã¢ã¤ã¹ã»èª¿çé£å ä¹³å ã»å¹¼å ç¨åå ã¹ãã¼ãæ é¤ ç¾å®¹ã»å¥åº· æ é¤é£åã»æµåé£ å® é åå æ°åå ãã©ã³ããµã¤ãä¸è¦§ å°å³ããåæ±åºèãæ¢ã ææ²»ã®å® é ãµã¼ãã¹ æ¥­åç¨è£½å è£½é çµäºåå ã­ã£ã³ãã¼ã³ ã­ã£ã³ãã¼ã³TOP ææ²»ä¼å¡IDéå®ã­ã£ã³ãã¼ã³ ã­ã£ã³ãã¼ã³ ã­ã£ã³ãã¼ã³ éãã ææ²»ä¼å¡IDéå®ã­ã£ã³ãã¼ã³ é£ãç¥ãã»æ¥½ãã é£ãç¥ãã»æ¥½ããTOP é£è² ã¬ã·ã ä½é¨ã»å­¦ã¶ å¥åº·ã»æ é¤ è¦ããã»ç¥ã è²å ã»ä»è­· éã¶ã»æ¥½ãã ãã®ä» é£ãç¥ãã»æ¥½ãã é£ãç¥ãã»æ¥½ãã éãã é£è² ã¬ã·ã ä½é¨ã»å­¦ã¶ å¥åº·ã»æ é¤ è¦ããã»ç¥ã è²å ã»ä»è­· éã¶ã»æ¥½ãã ãã®ä» åè³ªã¸ã®åãçµã¿ åè³ªã¸ã®åãçµã¿TOP åè³ªã¸ã®ãã ãã ç ç©¶éçº åè³ªã¸ã®åãçµã¿ åè³ªã¸ã®åãçµã¿ éãã åè³ªã¸ã®ãã ãã ç ç©¶éçº ãå®¢æ§ãµãã¼ã ãå®¢æ§ãµãã¼ãTOP ãåãåãã Q&A ãããããè³ªå ãå®¢æ§ã®å£°ãæ´»ããã¾ãã ææ²» èµ¤ã¡ããç¸è«å®¤ ãå®¢æ§å¿å¯¾åºæ¬æ¹éã¨è¡åæé ãåãåããå¿å¯¾ã«ããã åäººæ å ±ã®åæ±ãã«ã¤ãã¦ ãå®¢æ§ãµãã¼ã ãå®¢æ§ãµãã¼ã éãã ãåãåãã Q&A ãããããè³ªå ãå®¢æ§ã®å£°ãæ´»ããã¾ãã ææ²» èµ¤ã¡ããç¸è«å®¤ ãå®¢æ§å¿å¯¾åºæ¬æ¹éã¨è¡åæé ãåãåããå¿å¯¾ã«ãããåäººæ å ±ã®åæ±ãã«ã¤ãã¦ ãµã¹ããããªãã£ æ¡ç¨æ å ± ææ²»ä¼å¡ID ä¼ç¤¾æ¦è¦ ææ²»ãã¼ã«ãã£ã³ã°ã¹æ ªå¼ä¼ç¤¾ éãã ããæ¤ç´¢ããã¦ããã¯ã¼ã ã¬ã·ã é£ã®æ é¤ãã©ã³ã¹ãã§ãã¯ ãã§ã³ã¬ã¼ã å·¥å ´è¦å­¦ ã¨ã¼ã°ã«ã çä¹³ é£è² ãã¬ã¹ãªãªã¼ã¹ ã¢ã¤ã¹ ã¢ã¬ã«ã®ã¼ ãã¼ãº ã­ã£ã³ãã¼ã³ åãåãã ããã ã¦MINNAde ãã­ã¸ã§ã¯ã","ããã ã¦MINNAdeãã­ã¸ã§ã¯ãï½æ ªå¼ä¼ç¤¾ ææ²» - Meiji Co., Ltd. æ¤ç´¢ ã¡ãã¥ã¼ ååæ å ± ååæ å ±TOP ä¹³è£½å ãã§ã³ã¬ã¼ãã»ã°ã ã¢ã¤ã¹ã»èª¿çé£å ä¹³å ã»å¹¼å ç¨åå ã¹ãã¼ãæ é¤ ç¾å®¹ã»å¥åº· æ é¤é£åã»æµåé£ å® é åå æ°åå ã",1f2c3073fa9fefd7eadaf3588cad6650bbceac41d8a1ec3f18996040c61f7b24,{}
5,環境に配慮した取り組み｜株式会社 明治,https://www.meiji.co.jp/baby/hohoemi/powder/eco/?utm_source=owned&utm_medium=banner&utm_campaign=eco_hohoemi,https://www.meiji.co.jp/baby/hohoemi/powder/eco,www.meiji.co.jp,official_site,,2026-09-14,2026-09-14T16:47:07,明治,ほほえみ,明治ほほえみ,0-1,ç°å¢ã«é æ ®ããåãçµã¿ï½æ ªå¼ä¼ç¤¾ ææ²» æ¤ç´¢ ã¡ãã¥ã¼ ååæ å ± ååæ å ±TOP ä¹³è£½å ãã§ã³ã¬ã¼ãã»ã°ã ã¢ã¤ã¹ã»èª¿çé£å ä¹³å ã»å¹¼å ç¨åå ã¹ãã¼ãæ é¤ ç¾å®¹ã»å¥åº· æ é¤é£åã»æµåé£ å® é åå æ°åå ãã©ã³ããµã¤ãä¸è¦§ å°å³ããåæ±åºèãæ¢ã ææ²»ã®å® é ãµã¼ãã¹ æ¥­åç¨è£½å è£½é çµäºåå ååæ å ± ååæ å ± éãã ä¹³è£½å ãã§ã³ã¬ã¼ãã»ã°ã ã¢ã¤ã¹ã»èª¿çé£å ä¹³å ã»å¹¼å ç¨åå ã¹ãã¼ãæ é¤ ç¾å®¹ã»å¥åº· æ é¤é£åã»æµåé£ å® é åå æ°åå ãã©ã³ããµã¤ãä¸è¦§ å°å³ããåæ±åºèãæ¢ã ææ²»ã®å® é ãµã¼ãã¹ æ¥­åç¨è£½å è£½é çµäºåå ã­ã£ã³ãã¼ã³ ã­ã£ã³ãã¼ã³TOP ææ²»ä¼å¡IDéå®ã­ã£ã³ãã¼ã³ ã­ã£ã³ãã¼ã³ ã­ã£ã³ãã¼ã³ éãã ææ²»ä¼å¡IDéå®ã­ã£ã³ãã¼ã³ é£ãç¥ãã»æ¥½ãã é£ãç¥ãã»æ¥½ããTOP é£è² ã¬ã·ã ä½é¨ã»å­¦ã¶ å¥åº·ã»æ é¤ è¦ããã»ç¥ã è²å ã»ä»è­· éã¶ã»æ¥½ãã ãã®ä» é£ãç¥ãã»æ¥½ãã é£ãç¥ãã»æ¥½ãã éãã é£è² ã¬ã·ã ä½é¨ã»å­¦ã¶ å¥åº·ã»æ é¤ è¦ããã»ç¥ã è²å ã»ä»è­· éã¶ã»æ¥½ãã ãã®ä» åè³ªã¸ã®åãçµã¿ åè³ªã¸ã®åãçµã¿TOP åè³ªã¸ã®ãã ãã ç ç©¶éçº åè³ªã¸ã®åãçµã¿ åè³ªã¸ã®åãçµã¿ éãã åè³ªã¸ã®ãã ãã ç ç©¶éçº ãå®¢æ§ãµãã¼ã ãå®¢æ§ãµãã¼ãTOP ãåãåãã Q&A ãããããè³ªå ãå®¢æ§ã®å£°ãæ´»ããã¾ãã ææ²» èµ¤ã¡ããç¸è«å®¤ ãå®¢æ§å¿å¯¾åºæ¬æ¹éã¨è¡åæé ãåãåããå¿å¯¾ã«ããã åäººæ å ±ã®åæ±ãã«ã¤ãã¦ ãå®¢æ§ãµãã¼ã ãå®¢æ§ãµãã¼ã éãã ãåãåãã Q&A ãããããè³ªå ãå®¢æ§ã®å£°ãæ´»ããã¾ãã ææ²» èµ¤ã¡ããç¸è«å®¤ ãå®¢æ§å¿å¯¾åºæ¬æ¹éã¨è¡åæé ãåãåããå¿å¯¾ã«ãããåäººæ å ±ã®åæ±ãã«ã¤ãã¦ ãµã¹ããããªãã£ æ¡ç¨æ å ± ææ²»ä¼å¡ID ä¼ç¤¾æ¦è¦ ææ²»ãã¼ã«ãã£ã³ã°ã¹æ ªå¼ä¼ç¤¾ éãã ããæ¤ç´¢ããã¦ããã¯ã¼ã ã¬ã·ã é£ã®æ é¤ãã©ã³ã¹ãã§ãã¯ ãã§ã³ã¬ã¼ã å·¥å ´è¦å­¦ ã¨ã¼ã°ã«ã çä¹³ é£è² ãã¬ã¹ãªãªã¼ã¹ ã¢ã¤ã¹ ã¢ã¬ã«ã®ã¼ ãã¼ãº ã­ã£ã³ãã¼ã³ åãåãã ç°å¢ã«é æ ®ãã åãçµã¿ ç°å¢ã«é æ ®ããå,ç°å¢ã«é æ ®ããåãçµã¿ï½æ ªå¼ä¼ç¤¾ ææ²» æ¤ç´¢ ã¡ãã¥ã¼ ååæ å ± ååæ å ±TOP ä¹³è£½å ãã§ã³ã¬ã¼ãã»ã°ã ã¢ã¤ã¹ã»èª¿çé£å ä¹³å ã»å¹¼å ç¨åå ã¹ãã¼ãæ é¤ ç¾å®¹ã»å¥åº· æ é¤é£åã»æµåé£ å® é åå æ°åå ãã©ã³ããµã¤ãä¸,d7d453070ab710e9448f30d1792fbef6b90a126931e8d8114b23dadcf547b3ae,{}
6,「明治ほほえみ」×「Babiew」コラボイベント 東京・二子玉川で開催 - PR TIMES,https://news.google.com/rss/articles/CBMiakFVX3lxTE5DRUNCblJPWWpkMTd2UE1lVWRROTZjVkdWSTZsb1lBVE4xLUV0bjNXWGpkMmEtS2VXWmFLZmJxZnIwTWljbmtEWHVxVE1ncUtuTUFWSkJKSEQwRFY0TFFqamRncW9LeWdoc2c?oc=5,https://news.google.com/rss/articles/CBMiakFVX3lxTE5DRUNCblJPWWpkMTd2UE1lVWRROTZjVkdWSTZsb1lBVE4xLUV0bjNXWGpkMmEtS2VXWmFLZmJxZnIwTWljbmtEWHVxVE1ncUtuTUFWSkJKSEQwRFY0TFFqamRncW9LeWdoc2c?oc=5,PR TIMES,news_pr,2026-01-06,2026-09-14,2026-09-14T16:47:09,明治,ほほえみ,明治ほほえみ,0-1,,"<a href=""https://news.google.com/rss/articles/CBMiakFVX3lxTE5DRUNCblJPWWpkMTd2UE1lVWRROTZjVkdWSTZsb1lBVE4xLUV0bjNXWGpkMmEtS2VXWmFLZmJxZnIwTWljbmtEWHVxVE1ncUtuTUFWSkJKSEQwRFY0TFFqamRncW9LeWdoc2c?oc=5"" target=""_blank"">「明治ほほえみ」×「Babiew」コラボイベント 東京・二子玉川で開催</a>&nbsp;&nbsp;<font color=""#6f6f6f"">PR TIMES</font>",0d262adc92267399956a453b659148bace897d864d971edcef4b53b3aaa8447c,"{""query"": ""\""明治 ほほえみ\"" 2026-01""}"
7,明治「らくらくミルク」をプルタブ缶に変更 - dailydairynews.jp,https://news.google.com/rss/articles/CBMiS0FVX3lxTE81cG5vNmduOVZwUWtacVhPZmhfRU1vZ2R2Vkc4Yi1FZkJ0amNlLTNkY3MzQzRJNUpIaUZXdDVLTklhdWd0aC1kUXBWSQ?oc=5,https://news.google.com/rss/articles/CBMiS0FVX3lxTE81cG5vNmduOVZwUWtacVhPZmhfRU1vZ2R2Vkc4Yi1FZkJ0amNlLTNkY3MzQzRJNUpIaUZXdDVLTklhdWd0aC1kUXBWSQ?oc=5,dailydairynews.jp,news_pr,2025-10-30,2026-09-14,2026-09-14T16:47:09,明治,ほほえみ,明治ほほえみ,0-1,,"<a href=""https://news.google.com/rss/articles/CBMiS0FVX3lxTE81cG5vNmduOVZwUWtacVhPZmhfRU1vZ2R2Vkc4Yi1FZkJ0amNlLTNkY3MzQzRJNUpIaUZXdDVLTklhdWd0aC1kUXBWSQ?oc=5"" target=""_blank"">明治「らくらくミルク」をプルタブ缶に変更</a>&nbsp;&nbsp;<font color=""#6f6f6f"">dailydairynews.jp</font>",21023cf6599c1770bd99d661db006600f5e3ee2318bb26142fe946931a324c4d,"{""query"": ""\""明治 ほほえみ\"" 2026-01""}"
8,【東京都世田谷区】明治ほほえみ×Babiewコラボイベント開催！プロによる月齢フォト撮影や調乳体験も - ガジェット通信,https://news.google.com/rss/articles/CBMiS0FVX3lxTE1Lek04cUNEd19Hc3VPdElMTG4ta3FxYzc4eXJRV2hmY2xHNGRpREJYV00tU1JIRnFZbms3alVaZ2NtUmRURWljN3Nibw?oc=5,https://news.google.com/rss/articles/CBMiS0FVX3lxTE1Lek04cUNEd19Hc3VPdElMTG4ta3FxYzc4eXJRV2hmY2xHNGRpREJYV00tU1JIRnFZbms3alVaZ2NtUmRURWljN3Nibw?oc=5,ガジェット通信,news_pr,2026-01-08,2026-09-14,2026-09-14T16:47:09,明治,ほほえみ,明治ほほえみ,0-1,,"<a href=""https://news.google.com/rss/articles/CBMiS0FVX3lxTE1Lek04cUNEd19Hc3VPdElMTG4ta3FxYzc4eXJRV2hmY2xHNGRpREJYV00tU1JIRnFZbms3alVaZ2NtUmRURWljN3Nibw?oc=5"" target=""_blank"">【東京都世田谷区】明治ほほえみ×Babiewコラボイベント開催！プロによる月齢フォト撮影や調乳体験も</a>&nbsp;&nbsp;<font color=""#6f6f6f"">ガジェット通信</font>",ce2f8e54d311ed3bb1fc3da5aebf8843fad39a54bf66f7ddb48278df2d517df3,"{""query"": ""\""明治 ほほえみ\"" 2026-01""}"
9,家族の“ほほえみ”あふれるコンテンツが充実 明治ほほえみ×Babiewコラボイベント - PR EDGE,https://news.google.com/rss/articles/CBMiPkFVX3lxTE1BdkQyb0FjcEJqcWxscEFMZVdYQ0tvS1lWT3VyVk5YdXJXeklLN2NUSnQ3WHdsWDZfUGR3V0pn?oc=5,https://news.google.com/rss/articles/CBMiPkFVX3lxTE1BdkQyb0FjcEJqcWxscEFMZVdYQ0tvS1lWT3VyVk5YdXJXeklLN2NUSnQ3WHdsWDZfUGR3V0pn?oc=5,PR EDGE,news_pr,2026-01-19,2026-09-14,2026-09-14T16:47:09,明治,ほほえみ,明治ほほえみ,0-1,,"<a href=""https://news.google.com/rss/articles/CBMiPkFVX3lxTE1BdkQyb0FjcEJqcWxscEFMZVdYQ0tvS1lWT3VyVk5YdXJXeklLN2NUSnQ3WHdsWDZfUGR3V0pn?oc=5"" target=""_blank"">家族の“ほほえみ”あふれるコンテンツが充実 明治ほほえみ×Babiewコラボイベント</a>&nbsp;&nbsp;<font color=""#6f6f6f"">PR EDGE</font>",71319de1ebad688a1266049bb036c832b0ee0ac519b913f20c2fe656ced51a52,"{""query"": ""\""明治 ほほえみ\"" 2026-01""}"
10,明治、乳児用「らくらくミルク」リニューアル - dailydairynews.jp,https://news.google.com/rss/articles/CBMiS0FVX3lxTE14MmRCTDNGOFJua1VZeEZkVVJzVVVRdkJBYW9qOTkwSzhuVXNoVUdEV25NRGs4U08zZVRQWHloMi01UXJpaEFsZEdlOA?oc=5,https://news.google.com/rss/articles/CBMiS0FVX3lxTE14MmRCTDNGOFJua1VZeEZkVVJzVVVRdkJBYW9qOTkwSzhuVXNoVUdEV25NRGs4U08zZVRQWHloMi01UXJpaEFsZEdlOA?oc=5,dailydairynews.jp,news_pr,2023-05-16,2026-09-14,2026-09-14T16:47:09,明治,ほほえみ,明治ほほえみ,0-1,,"<a href=""https://news.google.com/rss/articles/CBMiS0FVX3lxTE14MmRCTDNGOFJua1VZeEZkVVJzVVVRdkJBYW9qOTkwSzhuVXNoVUdEV25NRGs4U08zZVRQWHloMi01UXJpaEFsZEdlOA?oc=5"" target=""_blank"">明治、乳児用「らくらくミルク」リニューアル</a>&nbsp;&nbsp;<font color=""#6f6f6f"">dailydairynews.jp</font>",915a80edf572ca89f70061a6bee935d8e84044a99737574df9def4575d3f8c91,"{""query"": ""\""明治 ほほえみ\"" 2026-01""}"
11,らくらくミルクアタッチメントを知育玩具に - dailydairynews.jp,https://news.google.com/rss/articles/CBMiS0FVX3lxTE1LQXFCdUdxZlBxa0RITXJGOTVkRlQ0RWtwYktRT2ZKdkRfM0pGOEhmbkNjX3JGN1JIYm5QM1BpUzN5UnRINW04blkxbw?oc=5,https://news.google.com/rss/articles/CBMiS0FVX3lxTE1LQXFCdUdxZlBxa0RITXJGOTVkRlQ0RWtwYktRT2ZKdkRfM0pGOEhmbkNjX3JGN1JIYm5QM1BpUzN5UnRINW04blkxbw?oc=5,dailydairynews.jp,news_pr,2024-07-25,2026-09-14,2026-09-14T16:47:09,明治,ほほえみ,明治ほほえみ,0-1,,"<a href=""https://news.google.com/rss/articles/CBMiS0FVX3lxTE1LQXFCdUdxZlBxa0RITXJGOTVkRlQ0RWtwYktRT2ZKdkRfM0pGOEhmbkNjX3JGN1JIYm5QM1BpUzN5UnRINW04blkxbw?oc=5"" target=""_blank"">らくらくミルクアタッチメントを知育玩具に</a>&nbsp;&nbsp;<font color=""#6f6f6f"">dailydairynews.jp</font>",8992ddfa639d066010c9bcf6761d99d821fdab6fba9e9adcdd0031adae327f0b,"{""query"": ""\""明治 ほほえみ\"" 2026-01""}"
12,【産前クライシス調査】95%が悩む、ベビーグッズ選び「ママ任せ」が夫婦の溝に!? | BEFFY Inc.のプレスリリース - PR TIMES,https://news.google.com/rss/articles/CBMiakFVX3lxTFBpa2prTXhuV2ZTekNQNWVtQWtJTl94Z0lzWkVweXl1WUFIWldxU0xJZnJiMnVJMnNzWV9mQy1LVUQxRTlXU0FjYmk5Zm1PX1VoTF9QeXNGaDAtLURWdVFYRDBrNC1JWWFjMHc?oc=5,https://news.google.com/rss/articles/CBMiakFVX3lxTFBpa2prTXhuV2ZTekNQNWVtQWtJTl94Z0lzWkVweXl1WUFIWldxU0xJZnJiMnVJMnNzWV9mQy1LVUQxRTlXU0FjYmk5Zm1PX1VoTF9QeXNGaDAtLURWdVFYRDBrNC1JWWFjMHc?oc=5,PR TIMES,news_pr,2026-02-12,2026-09-14,2026-09-14T16:47:10,明治,ほほえみ,明治ほほえみ,0-1,,"<a href=""https://news.google.com/rss/articles/CBMiakFVX3lxTFBpa2prTXhuV2ZTekNQNWVtQWtJTl94Z0lzWkVweXl1WUFIWldxU0xJZnJiMnVJMnNzWV9mQy1LVUQxRTlXU0FjYmk5Zm1PX1VoTF9QeXNGaDAtLURWdVFYRDBrNC1JWWFjMHc?oc=5"" target=""_blank"">【産前クライシス調査】95%が悩む、ベビーグッズ選び「ママ任せ」が夫婦の溝に!? | BEFFY Inc.のプレスリリース</a>&nbsp;&nbsp;<font color=""#6f6f6f"">PR TIMES</font>",1560586625dbd63386e3f947d550a1eae7580285655578cdd241f8bae59a2645,"{""query"": ""\""明治 ほほえみ\"" 2026-02""}"
13,ピジョンの「母乳実感」がつけられる！哺乳瓶なしでミルクをあげられ、社会全体での育児をサポート！「明治ほほえみ らくらくミルク アタッチメント」 4月23日 発売／全国 - meiji.co.jp,https://news.google.com/rss/articles/CBMid0FVX3lxTE5rMFZGUEVPTTZVRWJHSmtwUFBYb2RpeXktSGFNRnIzTDlXdVlRRkhhRlVrSlRyMkZrZUxwV1FMRm9fSHAwdUVYaW05djYzLWV4dmVvaDJBbTFfS1p4d0tjRDZvUG9VV3Z1V0djaXVKRXg2NVZHVFhV?oc=5,https://news.google.com/rss/articles/CBMid0FVX3lxTE5rMFZGUEVPTTZVRWJHSmtwUFBYb2RpeXktSGFNRnIzTDlXdVlRRkhhRlVrSlRyMkZrZUxwV1FMRm9fSHAwdUVYaW05djYzLWV4dmVvaDJBbTFfS1p4d0tjRDZvUG9VV3Z1V0djaXVKRXg2NVZHVFhV?oc=5,meiji.co.jp,news_pr,2026-03-25,2026-09-14,2026-09-14T16:56:07,明治,ほほえみ,明治ほほえみ,0-1,,"<a href=""https://news.google.com/rss/articles/CBMid0FVX3lxTE5rMFZGUEVPTTZVRWJHSmtwUFBYb2RpeXktSGFNRnIzTDlXdVlRRkhhRlVrSlRyMkZrZUxwV1FMRm9fSHAwdUVYaW05djYzLWV4dmVvaDJBbTFfS1p4d0tjRDZvUG9VV3Z1V0djaXVKRXg2NVZHVFhV?oc=5"" target=""_blank"">ピジョンの「母乳実感」がつけられる！哺乳瓶なしでミルクをあげられ、社会全体での育児をサポート！「明治ほほえみ らくらくミルク アタッチメント」 4月23日 発売／全国</a>&nbsp;&nbsp;<font color=""#6f6f6f"">meiji.co.jp</font>",f82dd9119a269109167b405aa1fa4633611154966887adee19d75b56c2c38435,"{""query"": ""\""明治 ほほえみ\"" after:2026-01-01 before:2026-08-31""}"
14,ビフィズス菌と亜鉛を新配合！お子さまに対する栄養面での不安に応えるフォローアップミルク「明治ステップ」「明治ステップ らくらくキューブ」3月9日 発売／全国 - meiji.co.jp,https://news.google.com/rss/articles/CBMid0FVX3lxTFB1em9ZTmhTWEMxRDN0amhId1ZZcnBqVGpYSXpUWkM0dl8wSFVraG1xX3NMRWVCWlBkUUl1d1FNOVZuNTk2c2R2S0pOdWZqMGNaLTZWR3FrMjJ6SnpKRmZpUzJuUklyZm1oOEhSRy1mZVZGRy15MU9Z?oc=5,https://news.google.com/rss/articles/CBMid0FVX3lxTFB1em9ZTmhTWEMxRDN0amhId1ZZcnBqVGpYSXpUWkM0dl8wSFVraG1xX3NMRWVCWlBkUUl1d1FNOVZuNTk2c2R2S0pOdWZqMGNaLTZWR3FrMjJ6SnpKRmZpUzJuUklyZm1oOEhSRy1mZVZGRy15MU9Z?oc=5,meiji.co.jp,news_pr,2026-03-02,2026-09-14,2026-09-14T16:47:11,明治,ほほえみ,明治ほほえみ,0-1,,"<a href=""https://news.google.com/rss/articles/CBMid0FVX3lxTFB1em9ZTmhTWEMxRDN0amhId1ZZcnBqVGpYSXpUWkM0dl8wSFVraG1xX3NMRWVCWlBkUUl1d1FNOVZuNTk2c2R2S0pOdWZqMGNaLTZWR3FrMjJ6SnpKRmZpUzJuUklyZm1oOEhSRy1mZVZGRy15MU9Z?oc=5"" target=""_blank"">ビフィズス菌と亜鉛を新配合！お子さまに対する栄養面での不安に応えるフォローアップミルク「明治ステップ」「明治ステップ らくらくキューブ」3月9日 発売／全国</a>&nbsp;&nbsp;<font color=""#6f6f6f"">meiji.co.jp</font>",d42902dcfd6e78e9565a7558045f9f5255fa918d232801f6599ef455da587422,"{""query"": ""\""明治 ほほえみ\"" 2026-03""}"
15,強化ベビーフードの日本市場（2026年～2034年）、市場規模（粉末ベビーフード、瓶詰めベビーフード、即席ベビーフード）・分析レポートを発表 - Newscast.jp,https://news.google.com/rss/articles/CBMiR0FVX3lxTE9UMDFBOWJDZkVVaTlhYTVwdG9JSGJnWm9reGROSm9Tc2djZHVhQjhwdTNZTUZvR2Rla1lrNGdhQVYzUzVad0dz?oc=5,https://news.google.com/rss/articles/CBMiR0FVX3lxTE9UMDFBOWJDZkVVaTlhYTVwdG9JSGJnWm9reGROSm9Tc2djZHVhQjhwdTNZTUZvR2Rla1lrNGdhQVYzUzVad0dz?oc=5,Newscast.jp,news_pr,2026-03-25,2026-09-14,2026-09-14T16:47:11,明治,ほほえみ,明治ほほえみ,0-1,,"<a href=""https://news.google.com/rss/articles/CBMiR0FVX3lxTE9UMDFBOWJDZkVVaTlhYTVwdG9JSGJnWm9reGROSm9Tc2djZHVhQjhwdTNZTUZvR2Rla1lrNGdhQVYzUzVad0dz?oc=5"" target=""_blank"">強化ベビーフードの日本市場（2026年～2034年）、市場規模（粉末ベビーフード、瓶詰めベビーフード、即席ベビーフード）・分析レポートを発表</a>&nbsp;&nbsp;<font color=""#6f6f6f"">Newscast.jp</font>",c569460c2d5dd0ed0f78d9f5cf109183c3b4e261d3b3bdc8e6292868ec6a2825,"{""query"": ""\""明治 ほほえみ\"" 2026-03""}"
16,明治、10月から「ほほえみ」「ザバス」値上げ - dailydairynews.jp,https://news.google.com/rss/articles/CBMiS0FVX3lxTFBaYkpqS0daNEtHM2p1UVJvNHowR3B3d0YzX3FlTU8xb29PLUh1MFdiX3BmZEVpTHB0RkpySkxjeHM3OVVsaWNmNWlyYw?oc=5,https://news.google.com/rss/articles/CBMiS0FVX3lxTFBaYkpqS0daNEtHM2p1UVJvNHowR3B3d0YzX3FlTU8xb29PLUh1MFdiX3BmZEVpTHB0RkpySkxjeHM3OVVsaWNmNWlyYw?oc=5,dailydairynews.jp,news_pr,2024-09-03,2026-09-14,2026-09-14T16:47:12,明治,ほほえみ,明治ほほえみ,0-1,,"<a href=""https://news.google.com/rss/articles/CBMiS0FVX3lxTFBaYkpqS0daNEtHM2p1UVJvNHowR3B3d0YzX3FlTU8xb29PLUh1MFdiX3BmZEVpTHB0RkpySkxjeHM3OVVsaWNmNWlyYw?oc=5"" target=""_blank"">明治、10月から「ほほえみ」「ザバス」値上げ</a>&nbsp;&nbsp;<font color=""#6f6f6f"">dailydairynews.jp</font>",ac77f0b65167d9987a208b42704b8e8a63cc115d78f8600f4d7f70f682e7a2a1,"{""query"": ""\""明治 ほほえみ\"" 2026-04""}"
17,赤ちゃんの防災備蓄、「十分」はわずか3.4% - ミルク・水の備えに課題、「何を備えるかわからない」声も - マイナビニュース,https://news.google.com/rss/articles/CBMiXEFVX3lxTE5VRDUzeTB2ZDFkRXhrVVZEWjRxeDloMm9VR1dUUzZYU2JJaXBiY2RuSkhHcVFXaGIwdE5jTnNCTWg3bm5ERVR3c2M0ZFFTSkM3dVU1MEl4YlJkSE1L?oc=5,https://news.google.com/rss/articles/CBMiXEFVX3lxTE5VRDUzeTB2ZDFkRXhrVVZEWjRxeDloMm9VR1dUUzZYU2JJaXBiY2RuSkhHcVFXaGIwdE5jTnNCTWg3bm5ERVR3c2M0ZFFTSkM3dVU1MEl4YlJkSE1L?oc=5,マイナビニュース,news_pr,2026-07-21,2026-09-14,2026-09-14T16:47:13,明治,ほほえみ,明治ほほえみ,0-1,,"<a href=""https://news.google.com/rss/articles/CBMiXEFVX3lxTE5VRDUzeTB2ZDFkRXhrVVZEWjRxeDloMm9VR1dUUzZYU2JJaXBiY2RuSkhHcVFXaGIwdE5jTnNCTWg3bm5ERVR3c2M0ZFFTSkM3dVU1MEl4YlJkSE1L?oc=5"" target=""_blank"">赤ちゃんの防災備蓄、「十分」はわずか3.4% - ミルク・水の備えに課題、「何を備えるかわからない」声も</a>&nbsp;&nbsp;<font color=""#6f6f6f"">マイナビニュース</font>",2cc23209ecea29995ff036df82c943b7cbd6e3648651550cd12ac4d18ab24d43,"{""query"": ""\""明治 ほほえみ\"" 2026-05""}"
18,明治、日本初ビフィズス菌入り粉ミルク発売 - dailydairynews.jp,https://news.google.com/rss/articles/CBMiS0FVX3lxTE5PVXVSNUtmT1pWTW5aeGJ2bnlOZ2R0di1oVE9vUS1FdmE0b2E5c2d1RW1zMElXTzRjdmRPbFVVQjVhSEh3eWl0cjhzTQ?oc=5,https://news.google.com/rss/articles/CBMiS0FVX3lxTE5PVXVSNUtmT1pWTW5aeGJ2bnlOZ2R0di1oVE9vUS1FdmE0b2E5c2d1RW1zMElXTzRjdmRPbFVVQjVhSEh3eWl0cjhzTQ?oc=5,dailydairynews.jp,news_pr,2025-11-18,2026-09-14,2026-09-14T16:47:13,明治,ほほえみ,明治ほほえみ,0-1,,"<a href=""https://news.google.com/rss/articles/CBMiS0FVX3lxTE5PVXVSNUtmT1pWTW5aeGJ2bnlOZ2R0di1oVE9vUS1FdmE0b2E5c2d1RW1zMElXTzRjdmRPbFVVQjVhSEh3eWl0cjhzTQ?oc=5"" target=""_blank"">明治、日本初ビフィズス菌入り粉ミルク発売</a>&nbsp;&nbsp;<font color=""#6f6f6f"">dailydairynews.jp</font>",201f339e6172bf8b5ef6d5cb0689f6cbc011e52eaf9e774c27e53cb9ff94d57e,"{""query"": ""\""明治 ほほえみ\"" 2026-05""}"
19,ベビーグッズの口コミサイトBabiew、待望の「動画・写真投稿機能」をリリース！ | BEFFY Inc.のプレスリリース - PR TIMES,https://news.google.com/rss/articles/CBMiakFVX3lxTE9MeUpHWnNKbjNhRXZiUWNUSmpCdkwyY0hfNnZKOWhTT194N2ozMURoeWFSS1lPZzNLQ1VmN2NabkN4TnE5X21Ic0hxY1FuSmQ2Zy1RR3QxUTdfWFp1X3RvZ1loVHFtRVVLS1E?oc=5,https://news.google.com/rss/articles/CBMiakFVX3lxTE9MeUpHWnNKbjNhRXZiUWNUSmpCdkwyY0hfNnZKOWhTT194N2ozMURoeWFSS1lPZzNLQ1VmN2NabkN4TnE5X21Ic0hxY1FuSmQ2Zy1RR3QxUTdfWFp1X3RvZ1loVHFtRVVLS1E?oc=5,PR TIMES,news_pr,2026-05-21,2026-09-14,2026-09-14T16:47:13,明治,ほほえみ,明治ほほえみ,0-1,,"<a href=""https://news.google.com/rss/articles/CBMiakFVX3lxTE9MeUpHWnNKbjNhRXZiUWNUSmpCdkwyY0hfNnZKOWhTT194N2ozMURoeWFSS1lPZzNLQ1VmN2NabkN4TnE5X21Ic0hxY1FuSmQ2Zy1RR3QxUTdfWFp1X3RvZ1loVHFtRVVLS1E?oc=5"" target=""_blank"">ベビーグッズの口コミサイトBabiew、待望の「動画・写真投稿機能」をリリース！ | BEFFY Inc.のプレスリリース</a>&nbsp;&nbsp;<font color=""#6f6f6f"">PR TIMES</font>",e8708f5d1514ebbe76adad58f58c9741f68b0f4c613ff663cf5a6d4e1e522298,"{""query"": ""\""明治 ほほえみ\"" 2026-05""}"
20,澤田グループが「災害備蓄用ミルク」をフードバンクとやまへ寄贈 - DMMぱちタウン,https://news.google.com/rss/articles/CBMiVEFVX3lxTE04T0R2a3NqS1ZRZ0RMWHUxV1BzNWxVdEYtVUF4bVk3djdQekowNlNNY0hVSVdxemV6RDhnLVEyRm9aMHUwZnB3MlUyYzVYVnE1b0VLZg?oc=5,https://news.google.com/rss/articles/CBMiVEFVX3lxTE04T0R2a3NqS1ZRZ0RMWHUxV1BzNWxVdEYtVUF4bVk3djdQekowNlNNY0hVSVdxemV6RDhnLVEyRm9aMHUwZnB3MlUyYzVYVnE1b0VLZg?oc=5,DMMぱちタウン,news_pr,2026-05-20,2026-09-14,2026-09-14T16:47:13,明治,ほほえみ,明治ほほえみ,0-1,,"<a href=""https://news.google.com/rss/articles/CBMiVEFVX3lxTE04T0R2a3NqS1ZRZ0RMWHUxV1BzNWxVdEYtVUF4bVk3djdQekowNlNNY0hVSVdxemV6RDhnLVEyRm9aMHUwZnB3MlUyYzVYVnE1b0VLZg?oc=5"" target=""_blank"">澤田グループが「災害備蓄用ミルク」をフードバンクとやまへ寄贈</a>&nbsp;&nbsp;<font color=""#6f6f6f"">DMMぱちタウン</font>",6c1a0832b00bf1ac7bd499927ec798bb725554f6908862d0383f759902448d40,"{""query"": ""\""明治 ほほえみ\"" 2026-05""}"
21,11月まで待てない！ベビーザらス発、『夏』のブラックフライデー、今年も開催 - PR TIMES,https://news.google.com/rss/articles/CBMiakFVX3lxTFBaaUdHUkpldEJpVWN3WTY5ZGZVeEZPSGFTTFdZVFFGVWhraFh6UjMzUzFZaHZRMlBjZTM1aEZYN3RwYlhmZGcxSmx2ZE9abkpoOUFVYkxQMkZJelhuMVRZRzJ0aXgzOFVvaGc?oc=5,https://news.google.com/rss/articles/CBMiakFVX3lxTFBaaUdHUkpldEJpVWN3WTY5ZGZVeEZPSGFTTFdZVFFGVWhraFh6UjMzUzFZaHZRMlBjZTM1aEZYN3RwYlhmZGcxSmx2ZE9abkpoOUFVYkxQMkZJelhuMVRZRzJ0aXgzOFVvaGc?oc=5,PR TIMES,news_pr,2026-06-09,2026-09-14,2026-09-14T16:47:14,明治,ほほえみ,明治ほほえみ,0-1,,"<a href=""https://news.google.com/rss/articles/CBMiakFVX3lxTFBaaUdHUkpldEJpVWN3WTY5ZGZVeEZPSGFTTFdZVFFGVWhraFh6UjMzUzFZaHZRMlBjZTM1aEZYN3RwYlhmZGcxSmx2ZE9abkpoOUFVYkxQMkZJelhuMVRZRzJ0aXgzOFVvaGc?oc=5"" target=""_blank"">11月まで待てない！ベビーザらス発、『夏』のブラックフライデー、今年も開催</a>&nbsp;&nbsp;<font color=""#6f6f6f"">PR TIMES</font>",4cf222d036239054f8a983f06396eda62c0aa2421e4d9f995362b2a424290da3,"{""query"": ""\""明治 ほほえみ\"" 2026-06""}"
22,ピジョンの「母乳実感」がつけられる！「明治ほほえみ らくらくミルク アタッチメント」 4月23日発売/全国 - kyodo.co.jp,https://news.google.com/rss/articles/CBMiWkFVX3lxTE5mbWRBTVhncFRDblpHRUg5LW1FSHRJdUY2aFJlWW5ETTJ0di1YWGZfQXdUYng1V0U3M05VUi16MGxNYldSX1BDUzNKRXE0RGdqMmlFLWczQWJ0QQ?oc=5,https://news.google.com/rss/articles/CBMiWkFVX3lxTE5mbWRBTVhncFRDblpHRUg5LW1FSHRJdUY2aFJlWW5ETTJ0di1YWGZfQXdUYng1V0U3M05VUi16MGxNYldSX1BDUzNKRXE0RGdqMmlFLWczQWJ0QQ?oc=5,kyodo.co.jp,news_pr,2026-03-25,2026-09-14,2026-09-14T16:47:14,明治,ほほえみ,明治ほほえみ,0-1,,"<a href=""https://news.google.com/rss/articles/CBMiWkFVX3lxTE5mbWRBTVhncFRDblpHRUg5LW1FSHRJdUY2aFJlWW5ETTJ0di1YWGZfQXdUYng1V0U3M05VUi16MGxNYldSX1BDUzNKRXE0RGdqMmlFLWczQWJ0QQ?oc=5"" target=""_blank"">ピジョンの「母乳実感」がつけられる！「明治ほほえみ らくらくミルク アタッチメント」 4月23日発売/全国</a>&nbsp;&nbsp;<font color=""#6f6f6f"">kyodo.co.jp</font>",bea32880e6af8836e0a3764ca6d47165a823b42959ec2b08fc84ea2def5e08e2,"{""query"": ""\""明治 ほほえみ\"" 2026-06""}"
23,「明治ほほえみ らくらくミルク」「明治ステップ らくらくミルク」 リニューアル発売のお知らせ - kyodo.co.jp,https://news.google.com/rss/articles/CBMiWkFVX3lxTE8wUkRpakpRWmMzZDdzUEtLV0g0a3VoV0lteXdSUGJrT3o5a2JXQXlTcGJ2U0ozM3lIblBkODhlRnpSbWJ3RngwOFVGLUhSZWFFNFFTdlNFenRXQQ?oc=5,https://news.google.com/rss/articles/CBMiWkFVX3lxTE8wUkRpakpRWmMzZDdzUEtLV0g0a3VoV0lteXdSUGJrT3o5a2JXQXlTcGJ2U0ozM3lIblBkODhlRnpSbWJ3RngwOFVGLUhSZWFFNFFTdlNFenRXQQ?oc=5,kyodo.co.jp,news_pr,2025-10-30,2026-09-14,2026-09-14T16:47:14,明治,ほほえみ,明治ほほえみ,0-1,,"<a href=""https://news.google.com/rss/articles/CBMiWkFVX3lxTE8wUkRpakpRWmMzZDdzUEtLV0g0a3VoV0lteXdSUGJrT3o5a2JXQXlTcGJ2U0ozM3lIblBkODhlRnpSbWJ3RngwOFVGLUhSZWFFNFFTdlNFenRXQQ?oc=5"" target=""_blank"">「明治ほほえみ らくらくミルク」「明治ステップ らくらくミルク」 リニューアル発売のお知らせ</a>&nbsp;&nbsp;<font color=""#6f6f6f"">kyodo.co.jp</font>",65abf30ebf29afd635f338959fd7d0c2de1f307eee8fc8adae9bf1d63d61979b,"{""query"": ""\""明治 ほほえみ\"" 2026-06""}"
24,2026 上半期 Babiew ベストベビーグッズアワード受賞商品発表！ - PR TIMES,https://news.google.com/rss/articles/CBMiakFVX3lxTE5Ma3JmcHZtbEY1WDlST2RNczcwQ1VkTHZjSGs1S25UUk5JVEV2TDZtb1N2NlFQNnVfRlpkcmRuUktzaWRJLXZtemtsTTUzOElQYmZFcm91THoyb1ZDaURheEk3R3I3TEJIMXc?oc=5,https://news.google.com/rss/articles/CBMiakFVX3lxTE5Ma3JmcHZtbEY1WDlST2RNczcwQ1VkTHZjSGs1S25UUk5JVEV2TDZtb1N2NlFQNnVfRlpkcmRuUktzaWRJLXZtemtsTTUzOElQYmZFcm91THoyb1ZDaURheEk3R3I3TEJIMXc?oc=5,PR TIMES,news_pr,2026-06-16,2026-09-14,2026-09-14T16:47:14,明治,ほほえみ,明治ほほえみ,0-1,,"<a href=""https://news.google.com/rss/articles/CBMiakFVX3lxTE5Ma3JmcHZtbEY1WDlST2RNczcwQ1VkTHZjSGs1S25UUk5JVEV2TDZtb1N2NlFQNnVfRlpkcmRuUktzaWRJLXZtemtsTTUzOElQYmZFcm91THoyb1ZDaURheEk3R3I3TEJIMXc?oc=5"" target=""_blank"">2026 上半期 Babiew ベストベビーグッズアワード受賞商品発表！</a>&nbsp;&nbsp;<font color=""#6f6f6f"">PR TIMES</font>",20e5d632a3a658bc483bad937cf5f8ec68af76aefadcc9b65680f8b115497e5a,"{""query"": ""\""明治 ほほえみ\"" 2026-06""}"
25,乳児用ミルク「明治ほほえみ」が第7回「日本子育て支援大賞2026」を受賞 ～母乳研究に基づく栄養設計と育児シーンに合わせて選べる商品展開が評価～ - meiji.co.jp,https://news.google.com/rss/articles/CBMid0FVX3lxTE1IZ1ltTjBpaTNCTVBQaXoxRVl4Ty03VkxkR2t0YUFxdkdFcWNaVDdxWEJhSm90NkJ0R2NwOFY0VW1SN0s1Z0t2bEEzU3JRY3pjUHotUWNpT0ZWOTVYVW95NGZJTFpmMHc3cGJIWjk0aWJaaEdVcUZr?oc=5,https://news.google.com/rss/articles/CBMid0FVX3lxTE1IZ1ltTjBpaTNCTVBQaXoxRVl4Ty03VkxkR2t0YUFxdkdFcWNaVDdxWEJhSm90NkJ0R2NwOFY0VW1SN0s1Z0t2bEEzU3JRY3pjUHotUWNpT0ZWOTVYVW95NGZJTFpmMHc3cGJIWjk0aWJaaEdVcUZr?oc=5,meiji.co.jp,news_pr,2026-07-14,2026-09-14,2026-09-14T16:47:15,明治,ほほえみ,明治ほほえみ,0-1,,"<a href=""https://news.google.com/rss/articles/CBMid0FVX3lxTE1IZ1ltTjBpaTNCTVBQaXoxRVl4Ty03VkxkR2t0YUFxdkdFcWNaVDdxWEJhSm90NkJ0R2NwOFY0VW1SN0s1Z0t2bEEzU3JRY3pjUHotUWNpT0ZWOTVYVW95NGZJTFpmMHc3cGJIWjk0aWJaaEdVcUZr?oc=5"" target=""_blank"">乳児用ミルク「明治ほほえみ」が第7回「日本子育て支援大賞2026」を受賞 ～母乳研究に基づく栄養設計と育児シーンに合わせて選べる商品展開が評価～</a>&nbsp;&nbsp;<font color=""#6f6f6f"">meiji.co.jp</font>",e1649e36ae522832d71f3227e5496b06c4877f6f3625893032c610c006f90ad6,"{""query"": ""\""明治 ほほえみ\"" 2026-07""}"
26,乳幼児ママ・プレママの防災備蓄に関する実態調査 2026 防災意識は高いのに、赤ちゃんの備えは“手薄”に 乳幼児ママ・プレママの98.7％が「防災は重要」 一方、「十分に備蓄できている」はわずか3.4％ ～停電・断水時の授乳に不安を感じる人は94.6％、ミルク・水の備えに課題 - meiji.co.jp,https://news.google.com/rss/articles/CBMid0FVX3lxTFBzSFY5alIwLXJzNmxkV0ZOTHlwNkFZVDJOUUVJMzZHUFVxX29QRHk3NjlJdGgyYTlRcGwyRWRpbExaUlJ6bS01STdzSEFLb1FlRFo4dUoyNlNTRVpHYkpPNHJmZU1ueThDaHVzNlRlWDVuVm1qZTBJ?oc=5,https://news.google.com/rss/articles/CBMid0FVX3lxTFBzSFY5alIwLXJzNmxkV0ZOTHlwNkFZVDJOUUVJMzZHUFVxX29QRHk3NjlJdGgyYTlRcGwyRWRpbExaUlJ6bS01STdzSEFLb1FlRFo4dUoyNlNTRVpHYkpPNHJmZU1ueThDaHVzNlRlWDVuVm1qZTBJ?oc=5,meiji.co.jp,news_pr,2026-07-16,2026-09-14,2026-09-14T16:56:07,明治,ほほえみ,明治ほほえみ,0-1,,"<a href=""https://news.google.com/rss/articles/CBMid0FVX3lxTFBzSFY5alIwLXJzNmxkV0ZOTHlwNkFZVDJOUUVJMzZHUFVxX29QRHk3NjlJdGgyYTlRcGwyRWRpbExaUlJ6bS01STdzSEFLb1FlRFo4dUoyNlNTRVpHYkpPNHJmZU1ueThDaHVzNlRlWDVuVm1qZTBJ?oc=5"" target=""_blank"">乳幼児ママ・プレママの防災備蓄に関する実態調査 2026 防災意識は高いのに、赤ちゃんの備えは“手薄”に 乳幼児ママ・プレママの98.7％が「防災は重要」 一方、「十分に備蓄できている」はわずか3.4％ ～停電・断水時の授乳に不安を感じる人は94.6％、ミルク・水の備えに課題</a>&nbsp;&nbsp;<font color=""#6f6f6f"">meiji.co.jp</font>",efeb76f9e1b9dc0b92cac0f3122ce3569b7700ed4fb8f6b839fe39b4273b2560,"{""query"": ""\""明治 ほほえみ\"" after:2026-01-01 before:2026-08-31""}"
27,"明治HD、2026年度営業利益1,000億円達成へ 中長期的には安定した国内事業の収益を元に海外で成長を加速 - ログミーFinance",https://news.google.com/rss/articles/CBMiUkFVX3lxTE02NVhqdzFRNFhSejJvYkdEajlPOFF4amJiX29JbXFDaEdZaDdCWWxlVGxzWW56Qmt1a0YydUVMU0V2cmZaMUJNMVE4NzdzQ1dZdWc?oc=5,https://news.google.com/rss/articles/CBMiUkFVX3lxTE02NVhqdzFRNFhSejJvYkdEajlPOFF4amJiX29JbXFDaEdZaDdCWWxlVGxzWW56Qmt1a0YydUVMU0V2cmZaMUJNMVE4NzdzQ1dZdWc?oc=5,ログミーFinance,news_pr,2026-07-23,2026-09-14,2026-09-14T16:47:15,明治,ほほえみ,明治ほほえみ,0-1,,"<a href=""https://news.google.com/rss/articles/CBMiUkFVX3lxTE02NVhqdzFRNFhSejJvYkdEajlPOFF4amJiX29JbXFDaEdZaDdCWWxlVGxzWW56Qmt1a0YydUVMU0V2cmZaMUJNMVE4NzdzQ1dZdWc?oc=5"" target=""_blank"">明治HD、2026年度営業利益1,000億円達成へ 中長期的には安定した国内事業の収益を元に海外で成長を加速</a>&nbsp;&nbsp;<font color=""#6f6f6f"">ログミーFinance</font>",45b21966b6647f6bc04c3e406087b18bd6626387789e4b39b859fa4517b9e006,"{""query"": ""\""明治 ほほえみ\"" 2026-07""}"
28,明治、液体ミルク刷新 安全性最優先でプルタブ缶に - 日本食糧新聞・電子版,https://news.google.com/rss/articles/CBMiZkFVX3lxTE1rY3RqQ1ktdXZGQldCRGNMMHowQlBERk9UTkFjLTRPOUtuOG1xSUhaRXFEZlQ1WjZ3QmtCVkFyQ2h2d09xZmNKcU5tYTFiRFFnZ3k4N2lsVmJfSW1LQ1R5TmxzYW9Gdw?oc=5,https://news.google.com/rss/articles/CBMiZkFVX3lxTE1rY3RqQ1ktdXZGQldCRGNMMHowQlBERk9UTkFjLTRPOUtuOG1xSUhaRXFEZlQ1WjZ3QmtCVkFyQ2h2d09xZmNKcU5tYTFiRFFnZ3k4N2lsVmJfSW1LQ1R5TmxzYW9Gdw?oc=5,日本食糧新聞・電子版,news_pr,2025-10-30,2026-09-14,2026-09-14T16:47:16,明治,ほほえみ,明治ほほえみ,0-1,,"<a href=""https://news.google.com/rss/articles/CBMiZkFVX3lxTE1rY3RqQ1ktdXZGQldCRGNMMHowQlBERk9UTkFjLTRPOUtuOG1xSUhaRXFEZlQ1WjZ3QmtCVkFyQ2h2d09xZmNKcU5tYTFiRFFnZ3k4N2lsVmJfSW1LQ1R5TmxzYW9Gdw?oc=5"" target=""_blank"">明治、液体ミルク刷新 安全性最優先でプルタブ缶に</a>&nbsp;&nbsp;<font color=""#6f6f6f"">日本食糧新聞・電子版</font>",96644392f5671183ff89f957f046ea86b97c3945431faeccb0549b2f94fd035b,"{""query"": ""\""明治 ほほえみ\"" 2026-08""}"
29,明治「ほほえみ」「ステップ」、乳児・幼児用粉ミルクで日本初のビフィズス菌配合が承認 - dxmagazine.jp,https://news.google.com/rss/articles/CBMiTEFVX3lxTFAtZ0NqeGlkU1gwcV9nWW1DY1JJeC10OFFHOU1qNWh2VDg3VkZNWGQ3Ym9HSGF6Mk56aWp1cUFmcmhDTnRxUzluelJJc20?oc=5,https://news.google.com/rss/articles/CBMiTEFVX3lxTFAtZ0NqeGlkU1gwcV9nWW1DY1JJeC10OFFHOU1qNWh2VDg3VkZNWGQ3Ym9HSGF6Mk56aWp1cUFmcmhDTnRxUzluelJJc20?oc=5,dxmagazine.jp,news_pr,2025-09-17,2026-09-14,2026-09-14T16:47:16,明治,ほほえみ,明治ほほえみ,0-1,,"<a href=""https://news.google.com/rss/articles/CBMiTEFVX3lxTFAtZ0NqeGlkU1gwcV9nWW1DY1JJeC10OFFHOU1qNWh2VDg3VkZNWGQ3Ym9HSGF6Mk56aWp1cUFmcmhDTnRxUzluelJJc20?oc=5"" target=""_blank"">明治「ほほえみ」「ステップ」、乳児・幼児用粉ミルクで日本初のビフィズス菌配合が承認</a>&nbsp;&nbsp;<font color=""#6f6f6f"">dxmagazine.jp</font>",915977560ae96827cc552283b1b0b1a51ff10628efdf3677bb013343263a514a,"{""query"": ""\""明治 ほほえみ\"" 2026-08""}"
30,妊婦7人に1人「気まずい」マタニティマーク 社会と妊婦の心理的距離を縮めるデザインをBabiewが配布開始 - PR TIMES,https://news.google.com/rss/articles/CBMiakFVX3lxTFB1UVZTUm02T1Q0MkloNjJiZ1B6djB3VHJINUFFUlFYTUFNaWlqb0lUZXpmeWdreWZxcldTRU9Td2dzZlNXZmEwM1BTeTlBeXE1N2pyYnVCdExUb2d1VHc2RDUyaW96bzlfd2c?oc=5,https://news.google.com/rss/articles/CBMiakFVX3lxTFB1UVZTUm02T1Q0MkloNjJiZ1B6djB3VHJINUFFUlFYTUFNaWlqb0lUZXpmeWdreWZxcldTRU9Td2dzZlNXZmEwM1BTeTlBeXE1N2pyYnVCdExUb2d1VHc2RDUyaW96bzlfd2c?oc=5,PR TIMES,news_pr,2026-08-04,2026-09-14,2026-09-14T16:47:16,明治,ほほえみ,明治ほほえみ,0-1,,"<a href=""https://news.google.com/rss/articles/CBMiakFVX3lxTFB1UVZTUm02T1Q0MkloNjJiZ1B6djB3VHJINUFFUlFYTUFNaWlqb0lUZXpmeWdreWZxcldTRU9Td2dzZlNXZmEwM1BTeTlBeXE1N2pyYnVCdExUb2d1VHc2RDUyaW96bzlfd2c?oc=5"" target=""_blank"">妊婦7人に1人「気まずい」マタニティマーク 社会と妊婦の心理的距離を縮めるデザインをBabiewが配布開始</a>&nbsp;&nbsp;<font color=""#6f6f6f"">PR TIMES</font>",2636004976ceac892b245614deef02537d78b657f1257fb8e8624125d576f9f5,"{""query"": ""\""明治 ほほえみ\"" 2026-08""}"
31,"「明治ステップ」 粉ミルク・液体ミルク・らくらくキューブ｜株式会社 明治 - Meiji Co., Ltd.",https://www.meiji.co.jp/baby/step/,https://www.meiji.co.jp/baby/step,www.meiji.co.jp,official_site,,2026-09-14,2026-09-14T16:56:44,明治,ステップ,明治ステップ,1-3,"ãææ²»ã¹ãããã ç²ãã«ã¯ã»æ¶²ä½ãã«ã¯ã»ããããã­ã¥ã¼ãï½æ ªå¼ä¼ç¤¾ ææ²» - Meiji Co., Ltd. æ¤ç´¢ ã¡ãã¥ã¼ ååæ å ± ååæ å ±TOP ä¹³è£½å ãã§ã³ã¬ã¼ãã»ã°ã ã¢ã¤ã¹ã»èª¿çé£å ä¹³å ã»å¹¼å ç¨åå ã¹ãã¼ãæ é¤ ç¾å®¹ã»å¥åº· æ é¤é£åã»æµåé£ å® é åå æ°åå ãã©ã³ããµã¤ãä¸è¦§ å°å³ããåæ±åºèãæ¢ã ææ²»ã®å® é ãµã¼ãã¹ æ¥­åç¨è£½å è£½é çµäºåå ååæ å ± ååæ å ± éãã ä¹³è£½å ãã§ã³ã¬ã¼ãã»ã°ã ã¢ã¤ã¹ã»èª¿çé£å ä¹³å ã»å¹¼å ç¨åå ã¹ãã¼ãæ é¤ ç¾å®¹ã»å¥åº· æ é¤é£åã»æµåé£ å® é åå æ°åå ãã©ã³ããµã¤ãä¸è¦§ å°å³ããåæ±åºèãæ¢ã ææ²»ã®å® é ãµã¼ãã¹ æ¥­åç¨è£½å è£½é çµäºåå ã­ã£ã³ãã¼ã³ ã­ã£ã³ãã¼ã³TOP ææ²»ä¼å¡IDéå®ã­ã£ã³ãã¼ã³ ã­ã£ã³ãã¼ã³ ã­ã£ã³ãã¼ã³ éãã ææ²»ä¼å¡IDéå®ã­ã£ã³ãã¼ã³ é£ãç¥ãã»æ¥½ãã é£ãç¥ãã»æ¥½ããTOP é£è² ã¬ã·ã ä½é¨ã»å­¦ã¶ å¥åº·ã»æ é¤ è¦ããã»ç¥ã è²å ã»ä»è­· éã¶ã»æ¥½ãã ãã®ä» é£ãç¥ãã»æ¥½ãã é£ãç¥ãã»æ¥½ãã éãã é£è² ã¬ã·ã ä½é¨ã»å­¦ã¶ å¥åº·ã»æ é¤ è¦ããã»ç¥ã è²å ã»ä»è­· éã¶ã»æ¥½ãã ãã®ä» åè³ªã¸ã®åãçµã¿ åè³ªã¸ã®åãçµã¿TOP åè³ªã¸ã®ãã ãã ç ç©¶éçº åè³ªã¸ã®åãçµã¿ åè³ªã¸ã®åãçµã¿ éãã åè³ªã¸ã®ãã ãã ç ç©¶éçº ãå®¢æ§ãµãã¼ã ãå®¢æ§ãµãã¼ãTOP ãåãåãã Q&A ãããããè³ªå ãå®¢æ§ã®å£°ãæ´»ããã¾ãã ææ²» èµ¤ã¡ããç¸è«å®¤ ãå®¢æ§å¿å¯¾åºæ¬æ¹éã¨è¡åæé ãåãåããå¿å¯¾ã«ããã åäººæ å ±ã®åæ±ãã«ã¤ãã¦ ãå®¢æ§ãµãã¼ã ãå®¢æ§ãµãã¼ã éãã ãåãåãã Q&A ãããããè³ªå ãå®¢æ§ã®å£°ãæ´»ããã¾ãã ææ²» èµ¤ã¡ããç¸è«å®¤ ãå®¢æ§å¿å¯¾åºæ¬æ¹éã¨è¡åæé ãåãåããå¿å¯¾ã«ãããåäººæ å ±ã®åæ±ãã«ã¤ãã¦ ãµã¹ããããªãã£ æ¡ç¨æ å ± ææ²»ä¼å¡ID ä¼ç¤¾æ¦è¦ ææ²»ãã¼ã«ãã£ã³ã°ã¹æ ªå¼ä¼ç¤¾ éãã ããæ¤ç´¢ããã¦ããã¯ã¼ã ã¬ã·ã é£ã®æ é¤ãã©ã³ã¹ãã§ãã¯ ãã§ã³ã¬ã¼ã å·¥å ´è¦å­¦ ã¨ã¼ã°ã«ã çä¹³ é£è² ãã¬ã¹ãªãªã¼ã¹ ã¢ã¤ã¹ ã¢ã¬ã«ã®ã¼ ãã¼ãº ã­ã£ã³ãã¼ã³ åãå","ãææ²»ã¹ãããã ç²ãã«ã¯ã»æ¶²ä½ãã«ã¯ã»ããããã­ã¥ã¼ãï½æ ªå¼ä¼ç¤¾ ææ²» - Meiji Co., Ltd. æ¤ç´¢ ã¡ãã¥ã¼ ååæ å ± ååæ å ±TOP ä¹³è£½å ãã§ã³ã¬ã¼ãã»ã°ã ã¢ã¤ã¹ã»èª¿çé£å ä¹³å ã»å¹¼å ç¨åå ã¹ãã¼ãæ é¤ ç¾å®¹ã»å¥åº· æ é¤",029d521d068cb7c9aa99bb7ab98bc53b10f4af6f6f49413b52d91be9cb4ad714,{}
32,"キャンペーン | 株式会社 明治 - Meiji Co., Ltd.",https://www.meiji.co.jp/campaign/,https://www.meiji.co.jp/campaign,www.meiji.co.jp,official_site,,2026-09-14,2026-09-14T16:47:40,明治,ステップ,明治ステップ,1-3,"ã­ã£ã³ãã¼ã³ | æ ªå¼ä¼ç¤¾ ææ²» - Meiji Co., Ltd. æ¤ç´¢ ã¡ãã¥ã¼ ååæ å ± ååæ å ±TOP ä¹³è£½å ãã§ã³ã¬ã¼ãã»ã°ã ã¢ã¤ã¹ã»èª¿çé£å ä¹³å ã»å¹¼å ç¨åå ã¹ãã¼ãæ é¤ ç¾å®¹ã»å¥åº· æ é¤é£åã»æµåé£ å® é åå æ°åå ãã©ã³ããµã¤ãä¸è¦§ å°å³ããåæ±åºèãæ¢ã ææ²»ã®å® é ãµã¼ãã¹ æ¥­åç¨è£½å è£½é çµäºåå ååæ å ± ååæ å ± éãã ä¹³è£½å ãã§ã³ã¬ã¼ãã»ã°ã ã¢ã¤ã¹ã»èª¿çé£å ä¹³å ã»å¹¼å ç¨åå ã¹ãã¼ãæ é¤ ç¾å®¹ã»å¥åº· æ é¤é£åã»æµåé£ å® é åå æ°åå ãã©ã³ããµã¤ãä¸è¦§ å°å³ããåæ±åºèãæ¢ã ææ²»ã®å® é ãµã¼ãã¹ æ¥­åç¨è£½å è£½é çµäºåå ã­ã£ã³ãã¼ã³ ã­ã£ã³ãã¼ã³TOP ææ²»ä¼å¡IDéå®ã­ã£ã³ãã¼ã³ ã­ã£ã³ãã¼ã³ ã­ã£ã³ãã¼ã³ éãã ææ²»ä¼å¡IDéå®ã­ã£ã³ãã¼ã³ é£ãç¥ãã»æ¥½ãã é£ãç¥ãã»æ¥½ããTOP é£è² ã¬ã·ã ä½é¨ã»å­¦ã¶ å¥åº·ã»æ é¤ è¦ããã»ç¥ã è²å ã»ä»è­· éã¶ã»æ¥½ãã ãã®ä» é£ãç¥ãã»æ¥½ãã é£ãç¥ãã»æ¥½ãã éãã é£è² ã¬ã·ã ä½é¨ã»å­¦ã¶ å¥åº·ã»æ é¤ è¦ããã»ç¥ã è²å ã»ä»è­· éã¶ã»æ¥½ãã ãã®ä» åè³ªã¸ã®åãçµã¿ åè³ªã¸ã®åãçµã¿TOP åè³ªã¸ã®ãã ãã ç ç©¶éçº åè³ªã¸ã®åãçµã¿ åè³ªã¸ã®åãçµã¿ éãã åè³ªã¸ã®ãã ãã ç ç©¶éçº ãå®¢æ§ãµãã¼ã ãå®¢æ§ãµãã¼ãTOP ãåãåãã Q&A ãããããè³ªå ãå®¢æ§ã®å£°ãæ´»ããã¾ãã ææ²» èµ¤ã¡ããç¸è«å®¤ ãå®¢æ§å¿å¯¾åºæ¬æ¹éã¨è¡åæé ãåãåããå¿å¯¾ã«ããã åäººæ å ±ã®åæ±ãã«ã¤ãã¦ ãå®¢æ§ãµãã¼ã ãå®¢æ§ãµãã¼ã éãã ãåãåãã Q&A ãããããè³ªå ãå®¢æ§ã®å£°ãæ´»ããã¾ãã ææ²» èµ¤ã¡ããç¸è«å®¤ ãå®¢æ§å¿å¯¾åºæ¬æ¹éã¨è¡åæé ãåãåããå¿å¯¾ã«ãããåäººæ å ±ã®åæ±ãã«ã¤ãã¦ ãµã¹ããããªãã£ æ¡ç¨æ å ± ææ²»ä¼å¡ID ä¼ç¤¾æ¦è¦ ææ²»ãã¼ã«ãã£ã³ã°ã¹æ ªå¼ä¼ç¤¾ éãã ããæ¤ç´¢ããã¦ããã¯ã¼ã ã¬ã·ã é£ã®æ é¤ãã©ã³ã¹ãã§ãã¯ ãã§ã³ã¬ã¼ã å·¥å ´è¦å­¦ ã¨ã¼ã°ã«ã çä¹³ é£è² ãã¬ã¹ãªãªã¼ã¹ ã¢ã¤ã¹ ã¢ã¬ã«ã®ã¼ ãã¼ãº ã­ã£ã³ãã¼ã³ åãåãã ææ²»ããã ã­ã£ã³ãã¼ã³ ã­ã£ã³ãã¼ã³ å","ã­ã£ã³ãã¼ã³ | æ ªå¼ä¼ç¤¾ ææ²» - Meiji Co., Ltd. æ¤ç´¢ ã¡ãã¥ã¼ ååæ å ± ååæ å ±TOP ä¹³è£½å ãã§ã³ã¬ã¼ãã»ã°ã ã¢ã¤ã¹ã»èª¿çé£å ä¹³å ã»å¹¼å ç¨åå ã¹ãã¼ãæ é¤ ç¾å®¹ã»å¥åº· æ é¤é£åã»æµåé£ å® é åå æ°åå ãã©ã³ããµã¤ã",fc777499755c43895caf48008decf0b49cad6edf848d8e67a204bc0b43a27320,{}
33,「明治らくらくミルク」シリーズ 120ml、200mlをご使用のお客様へ｜株式会社 明治,https://www.meiji.co.jp/baby/hohoemi/rakurakumilk/caution/?utm_source=owned&utm_medium=banner&utm_campaign=top_step,https://www.meiji.co.jp/baby/hohoemi/rakurakumilk/caution,www.meiji.co.jp,official_site,,2026-09-14,2026-09-14T16:47:41,明治,ステップ,明治ステップ,1-3,ãææ²»ãããããã«ã¯ãã·ãªã¼ãº 120mlã200mlããä½¿ç¨ã®ãå®¢æ§ã¸ï½æ ªå¼ä¼ç¤¾ ææ²» æ¤ç´¢ ã¡ãã¥ã¼ ååæ å ± ååæ å ±TOP ä¹³è£½å ãã§ã³ã¬ã¼ãã»ã°ã ã¢ã¤ã¹ã»èª¿çé£å ä¹³å ã»å¹¼å ç¨åå ã¹ãã¼ãæ é¤ ç¾å®¹ã»å¥åº· æ é¤é£åã»æµåé£ å® é åå æ°åå ãã©ã³ããµã¤ãä¸è¦§ å°å³ããåæ±åºèãæ¢ã ææ²»ã®å® é ãµã¼ãã¹ æ¥­åç¨è£½å è£½é çµäºåå ååæ å ± ååæ å ± éãã ä¹³è£½å ãã§ã³ã¬ã¼ãã»ã°ã ã¢ã¤ã¹ã»èª¿çé£å ä¹³å ã»å¹¼å ç¨åå ã¹ãã¼ãæ é¤ ç¾å®¹ã»å¥åº· æ é¤é£åã»æµåé£ å® é åå æ°åå ãã©ã³ããµã¤ãä¸è¦§ å°å³ããåæ±åºèãæ¢ã ææ²»ã®å® é ãµã¼ãã¹ æ¥­åç¨è£½å è£½é çµäºåå ã­ã£ã³ãã¼ã³ ã­ã£ã³ãã¼ã³TOP ææ²»ä¼å¡IDéå®ã­ã£ã³ãã¼ã³ ã­ã£ã³ãã¼ã³ ã­ã£ã³ãã¼ã³ éãã ææ²»ä¼å¡IDéå®ã­ã£ã³ãã¼ã³ é£ãç¥ãã»æ¥½ãã é£ãç¥ãã»æ¥½ããTOP é£è² ã¬ã·ã ä½é¨ã»å­¦ã¶ å¥åº·ã»æ é¤ è¦ããã»ç¥ã è²å ã»ä»è­· éã¶ã»æ¥½ãã ãã®ä» é£ãç¥ãã»æ¥½ãã é£ãç¥ãã»æ¥½ãã éãã é£è² ã¬ã·ã ä½é¨ã»å­¦ã¶ å¥åº·ã»æ é¤ è¦ããã»ç¥ã è²å ã»ä»è­· éã¶ã»æ¥½ãã ãã®ä» åè³ªã¸ã®åãçµã¿ åè³ªã¸ã®åãçµã¿TOP åè³ªã¸ã®ãã ãã ç ç©¶éçº åè³ªã¸ã®åãçµã¿ åè³ªã¸ã®åãçµã¿ éãã åè³ªã¸ã®ãã ãã ç ç©¶éçº ãå®¢æ§ãµãã¼ã ãå®¢æ§ãµãã¼ãTOP ãåãåãã Q&A ãããããè³ªå ãå®¢æ§ã®å£°ãæ´»ããã¾ãã ææ²» èµ¤ã¡ããç¸è«å®¤ ãå®¢æ§å¿å¯¾åºæ¬æ¹éã¨è¡åæé ãåãåããå¿å¯¾ã«ããã åäººæ å ±ã®åæ±ãã«ã¤ãã¦ ãå®¢æ§ãµãã¼ã ãå®¢æ§ãµãã¼ã éãã ãåãåãã Q&A ãããããè³ªå ãå®¢æ§ã®å£°ãæ´»ããã¾ãã ææ²» èµ¤ã¡ããç¸è«å®¤ ãå®¢æ§å¿å¯¾åºæ¬æ¹éã¨è¡åæé ãåãåããå¿å¯¾ã«ãããåäººæ å ±ã®åæ±ãã«ã¤ãã¦ ãµã¹ããããªãã£ æ¡ç¨æ å ± ææ²»ä¼å¡ID ä¼ç¤¾æ¦è¦ ææ²»ãã¼ã«ãã£ã³ã°ã¹æ ªå¼ä¼ç¤¾ éãã ããæ¤ç´¢ããã¦ããã¯ã¼ã ã¬ã·ã é£ã®æ é¤ãã©ã³ã¹ãã§ãã¯ ãã§ã³ã¬ã¼ã å·¥å ´è¦å­¦ ã¨ã¼ã°ã«ã çä¹³ é£è² ãã¬ã¹ãªãªã¼ã¹ ã¢ã¤ã¹ ã¢ã¬ã«ã®ã¼ ãã¼ãº ã­ã£ã³ãã¼ã³ åãåãã å¤§å,ãææ²»ãããããã«ã¯ãã·ãªã¼ãº 120mlã200mlããä½¿ç¨ã®ãå®¢æ§ã¸ï½æ ªå¼ä¼ç¤¾ ææ²» æ¤ç´¢ ã¡ãã¥ã¼ ååæ å ± ååæ å ±TOP ä¹³è£½å ãã§ã³ã¬ã¼ãã»ã°ã ã¢ã¤ã¹ã»èª¿çé£å ä¹³å ã»å¹¼å ç¨åå ã¹ãã¼ãæ é¤ ç¾å®¹ã»å¥åº· æ é¤é£åã»æµå,2e3f63dfc85491f32ea5c726282994cd016cd5dc2d0d8e46e4a5639c3584894e,{}
34,"明治 プレママから幼児期まで つながるポイントキャンペーン | 株式会社明治‐MeijiCo.,Ltd.",https://www.meiji.co.jp/baby/cmp/close2609/?link=hce26071502,https://www.meiji.co.jp/baby/cmp/close2609?link=hce26071502,www.meiji.co.jp,official_site,,2026-09-14,2026-09-14T16:47:41,明治,ステップ,明治ステップ,1-3,"ææ²» ãã¬ããããå¹¼å æã¾ã§ ã¤ãªãããã¤ã³ãã­ã£ã³ãã¼ã³ | æ ªå¼ä¼ç¤¾ææ²»âMeijiCo.,Ltd. æ¤ç´¢ ã¡ãã¥ã¼ ååæ å ± ååæ å ±TOP ä¹³è£½å ãã§ã³ã¬ã¼ãã»ã°ã ã¢ã¤ã¹ã»èª¿çé£å ä¹³å ã»å¹¼å ç¨åå ã¹ãã¼ãæ é¤ ç¾å®¹ã»å¥åº· æ é¤é£åã»æµåé£ å® é åå æ°åå ãã©ã³ããµã¤ãä¸è¦§ å°å³ããåæ±åºèãæ¢ã ææ²»ã®å® é ãµã¼ãã¹ æ¥­åç¨è£½å è£½é çµäºåå ååæ å ± ååæ å ± éãã ä¹³è£½å ãã§ã³ã¬ã¼ãã»ã°ã ã¢ã¤ã¹ã»èª¿çé£å ä¹³å ã»å¹¼å ç¨åå ã¹ãã¼ãæ é¤ ç¾å®¹ã»å¥åº· æ é¤é£åã»æµåé£ å® é åå æ°åå ãã©ã³ããµã¤ãä¸è¦§ å°å³ããåæ±åºèãæ¢ã ææ²»ã®å® é ãµã¼ãã¹ æ¥­åç¨è£½å è£½é çµäºåå ã­ã£ã³ãã¼ã³ ã­ã£ã³ãã¼ã³TOP ææ²»ä¼å¡IDéå®ã­ã£ã³ãã¼ã³ ã­ã£ã³ãã¼ã³ ã­ã£ã³ãã¼ã³ éãã ææ²»ä¼å¡IDéå®ã­ã£ã³ãã¼ã³ é£ãç¥ãã»æ¥½ãã é£ãç¥ãã»æ¥½ããTOP é£è² ã¬ã·ã ä½é¨ã»å­¦ã¶ å¥åº·ã»æ é¤ è¦ããã»ç¥ã è²å ã»ä»è­· éã¶ã»æ¥½ãã ãã®ä» é£ãç¥ãã»æ¥½ãã é£ãç¥ãã»æ¥½ãã éãã é£è² ã¬ã·ã ä½é¨ã»å­¦ã¶ å¥åº·ã»æ é¤ è¦ããã»ç¥ã è²å ã»ä»è­· éã¶ã»æ¥½ãã ãã®ä» åè³ªã¸ã®åãçµã¿ åè³ªã¸ã®åãçµã¿TOP åè³ªã¸ã®ãã ãã ç ç©¶éçº åè³ªã¸ã®åãçµã¿ åè³ªã¸ã®åãçµã¿ éãã åè³ªã¸ã®ãã ãã ç ç©¶éçº ãå®¢æ§ãµãã¼ã ãå®¢æ§ãµãã¼ãTOP ãåãåãã Q&A ãããããè³ªå ãå®¢æ§ã®å£°ãæ´»ããã¾ãã ææ²» èµ¤ã¡ããç¸è«å®¤ ãå®¢æ§å¿å¯¾åºæ¬æ¹éã¨è¡åæé ãåãåããå¿å¯¾ã«ããã åäººæ å ±ã®åæ±ãã«ã¤ãã¦ ãå®¢æ§ãµãã¼ã ãå®¢æ§ãµãã¼ã éãã ãåãåãã Q&A ãããããè³ªå ãå®¢æ§ã®å£°ãæ´»ããã¾ãã ææ²» èµ¤ã¡ããç¸è«å®¤ ãå®¢æ§å¿å¯¾åºæ¬æ¹éã¨è¡åæé ãåãåããå¿å¯¾ã«ãããåäººæ å ±ã®åæ±ãã«ã¤ãã¦ ãµã¹ããããªãã£ æ¡ç¨æ å ± ææ²»ä¼å¡ID ä¼ç¤¾æ¦è¦ ææ²»ãã¼ã«ãã£ã³ã°ã¹æ ªå¼ä¼ç¤¾ éãã ããæ¤ç´¢ããã¦ããã¯ã¼ã ã¬ã·ã é£ã®æ é¤ãã©ã³ã¹ãã§ãã¯ ãã§ã³ã¬ã¼ã å·¥å ´è¦å­¦ ã¨ã¼ã°ã«ã çä¹³ é£è² ãã¬ã¹ãªãªã¼ã¹ ã¢ã¤ã¹ ã¢ã¬ã«ã®ã¼ ãã¼ãº ã­ã£ã³ãã¼ã³ åãå","ææ²» ãã¬ããããå¹¼å æã¾ã§ ã¤ãªãããã¤ã³ãã­ã£ã³ãã¼ã³ | æ ªå¼ä¼ç¤¾ææ²»âMeijiCo.,Ltd. æ¤ç´¢ ã¡ãã¥ã¼ ååæ å ± ååæ å ±TOP ä¹³è£½å ãã§ã³ã¬ã¼ãã»ã°ã ã¢ã¤ã¹ã»èª¿çé£å ä¹³å ã»å¹¼å ç¨åå ã¹ãã¼ãæ é¤ ç¾å®¹ã»å¥åº· æ é¤é",a43f0f14cb2a590d104bb31e4a256878be280294b3fa4053a549228479e89073,{}
35,"～最大30,000円分のJCBギフトカードが当たる!～　明治の栄養食品キャンペーン | 明治メイバランス | 株式会社 明治 - Meiji Co., Ltd.",https://www.meiji.co.jp/meiji-eiyoucare/products/nutritionfood/meibalance/cmp/close2606/,https://www.meiji.co.jp/meiji-eiyoucare/products/nutritionfood/meibalance/cmp/close2606,www.meiji.co.jp,official_site,,2026-09-14,2026-09-14T16:47:42,明治,ステップ,明治ステップ,1-3,"ï½æå¤§30,000ååã®JCBã®ããã«ã¼ããå½ãã!ï½ãææ²»ã®æ é¤é£åã­ã£ã³ãã¼ã³ | ææ²»ã¡ã¤ãã©ã³ã¹ | æ ªå¼ä¼ç¤¾ ææ²» - Meiji Co., Ltd. æ¤ç´¢ ã¡ãã¥ã¼ ååæ å ± ååæ å ±TOP ä¹³è£½å ãã§ã³ã¬ã¼ãã»ã°ã ã¢ã¤ã¹ã»èª¿çé£å ä¹³å ã»å¹¼å ç¨åå ã¹ãã¼ãæ é¤ ç¾å®¹ã»å¥åº· æ é¤é£åã»æµåé£ å® é åå æ°åå ãã©ã³ããµã¤ãä¸è¦§ å°å³ããåæ±åºèãæ¢ã ææ²»ã®å® é ãµã¼ãã¹ æ¥­åç¨è£½å è£½é çµäºåå ååæ å ± ååæ å ± éãã ä¹³è£½å ãã§ã³ã¬ã¼ãã»ã°ã ã¢ã¤ã¹ã»èª¿çé£å ä¹³å ã»å¹¼å ç¨åå ã¹ãã¼ãæ é¤ ç¾å®¹ã»å¥åº· æ é¤é£åã»æµåé£ å® é åå æ°åå ãã©ã³ããµã¤ãä¸è¦§ å°å³ããåæ±åºèãæ¢ã ææ²»ã®å® é ãµã¼ãã¹ æ¥­åç¨è£½å è£½é çµäºåå ã­ã£ã³ãã¼ã³ ã­ã£ã³ãã¼ã³TOP ææ²»ä¼å¡IDéå®ã­ã£ã³ãã¼ã³ ã­ã£ã³ãã¼ã³ ã­ã£ã³ãã¼ã³ éãã ææ²»ä¼å¡IDéå®ã­ã£ã³ãã¼ã³ é£ãç¥ãã»æ¥½ãã é£ãç¥ãã»æ¥½ããTOP é£è² ã¬ã·ã ä½é¨ã»å­¦ã¶ å¥åº·ã»æ é¤ è¦ããã»ç¥ã è²å ã»ä»è­· éã¶ã»æ¥½ãã ãã®ä» é£ãç¥ãã»æ¥½ãã é£ãç¥ãã»æ¥½ãã éãã é£è² ã¬ã·ã ä½é¨ã»å­¦ã¶ å¥åº·ã»æ é¤ è¦ããã»ç¥ã è²å ã»ä»è­· éã¶ã»æ¥½ãã ãã®ä» åè³ªã¸ã®åãçµã¿ åè³ªã¸ã®åãçµã¿TOP åè³ªã¸ã®ãã ãã ç ç©¶éçº åè³ªã¸ã®åãçµã¿ åè³ªã¸ã®åãçµã¿ éãã åè³ªã¸ã®ãã ãã ç ç©¶éçº ãå®¢æ§ãµãã¼ã ãå®¢æ§ãµãã¼ãTOP ãåãåãã Q&A ãããããè³ªå ãå®¢æ§ã®å£°ãæ´»ããã¾ãã ææ²» èµ¤ã¡ããç¸è«å®¤ ãå®¢æ§å¿å¯¾åºæ¬æ¹éã¨è¡åæé ãåãåããå¿å¯¾ã«ããã åäººæ å ±ã®åæ±ãã«ã¤ãã¦ ãå®¢æ§ãµãã¼ã ãå®¢æ§ãµãã¼ã éãã ãåãåãã Q&A ãããããè³ªå ãå®¢æ§ã®å£°ãæ´»ããã¾ãã ææ²» èµ¤ã¡ããç¸è«å®¤ ãå®¢æ§å¿å¯¾åºæ¬æ¹éã¨è¡åæé ãåãåããå¿å¯¾ã«ãããåäººæ å ±ã®åæ±ãã«ã¤ãã¦ ãµã¹ããããªãã£ æ¡ç¨æ å ± ææ²»ä¼å¡ID ä¼ç¤¾æ¦è¦ ææ²»ãã¼ã«ãã£ã³ã°ã¹æ ªå¼ä¼ç¤¾ éãã ããæ¤ç´¢ããã¦ããã¯ã¼ã ã¬ã·ã é£ã®æ é¤ãã©ã³ã¹ãã§ãã¯ ãã§ã³ã¬ã¼ã å·¥å ´è¦å­¦ ã¨ã¼ã°ã«ã çä¹³ é£è² ãã¬ã¹ãªãªã¼ã¹ ã¢ã¤ã¹ ã¢ã","ï½æå¤§30,000ååã®JCBã®ããã«ã¼ããå½ãã!ï½ãææ²»ã®æ é¤é£åã­ã£ã³ãã¼ã³ | ææ²»ã¡ã¤ãã©ã³ã¹ | æ ªå¼ä¼ç¤¾ ææ²» - Meiji Co., Ltd. æ¤ç´¢ ã¡ãã¥ã¼ ååæ å ± ååæ å ±TOP ä¹³è£½å ãã§ã³ã¬ã¼ãã»ã°ã ã¢ã¤ã¹ã»èª¿çé£å ä¹³å ã»å¹¼å ç",09fd4ff2a2b719488390eb782ba4bfbf4a62d96cac5f5de1cde43f06f15b59af,{}
36,明治「らくらくミルク」をプルタブ缶に変更 - dailydairynews.jp,https://news.google.com/rss/articles/CBMiS0FVX3lxTE81cG5vNmduOVZwUWtacVhPZmhfRU1vZ2R2Vkc4Yi1FZkJ0amNlLTNkY3MzQzRJNUpIaUZXdDVLTklhdWd0aC1kUXBWSQ?oc=5,https://news.google.com/rss/articles/CBMiS0FVX3lxTE81cG5vNmduOVZwUWtacVhPZmhfRU1vZ2R2Vkc4Yi1FZkJ0amNlLTNkY3MzQzRJNUpIaUZXdDVLTklhdWd0aC1kUXBWSQ?oc=5,dailydairynews.jp,news_pr,2025-10-30,2026-09-14,2026-09-14T16:47:42,明治,ステップ,明治ステップ,1-3,,"<a href=""https://news.google.com/rss/articles/CBMiS0FVX3lxTE81cG5vNmduOVZwUWtacVhPZmhfRU1vZ2R2Vkc4Yi1FZkJ0amNlLTNkY3MzQzRJNUpIaUZXdDVLTklhdWd0aC1kUXBWSQ?oc=5"" target=""_blank"">明治「らくらくミルク」をプルタブ缶に変更</a>&nbsp;&nbsp;<font color=""#6f6f6f"">dailydairynews.jp</font>",21023cf6599c1770bd99d661db006600f5e3ee2318bb26142fe946931a324c4d,"{""query"": ""\""明治 ステップ\"" 2026-01""}"
37,明治が液体ミルクの賞味期限を18ヵ月に延長 - dailydairynews.jp,https://news.google.com/rss/articles/CBMiSkFVX3lxTFAzekJqbDMxWGwtS0xuemZYV1ZWNGNtMGN3dF83TlpVSE1TUlBiZk9sNHBnOU9Xc1NhVVhyd3pZdEtDdEFwa2VXVlZB?oc=5,https://news.google.com/rss/articles/CBMiSkFVX3lxTFAzekJqbDMxWGwtS0xuemZYV1ZWNGNtMGN3dF83TlpVSE1TUlBiZk9sNHBnOU9Xc1NhVVhyd3pZdEtDdEFwa2VXVlZB?oc=5,dailydairynews.jp,news_pr,2022-06-10,2026-09-14,2026-09-14T16:47:42,明治,ステップ,明治ステップ,1-3,,"<a href=""https://news.google.com/rss/articles/CBMiSkFVX3lxTFAzekJqbDMxWGwtS0xuemZYV1ZWNGNtMGN3dF83TlpVSE1TUlBiZk9sNHBnOU9Xc1NhVVhyd3pZdEtDdEFwa2VXVlZB?oc=5"" target=""_blank"">明治が液体ミルクの賞味期限を18ヵ月に延長</a>&nbsp;&nbsp;<font color=""#6f6f6f"">dailydairynews.jp</font>",fce454088fcb50f07bb2b5a4f49f513a811a4c6f78b2b428656ae86bcb725a97,"{""query"": ""\""明治 ステップ\"" 2026-01""}"
38,明治「ほほえみ」「ステップ」、乳児・幼児用粉ミルクで日本初のビフィズス菌配合が承認 - dxmagazine.jp,https://news.google.com/rss/articles/CBMiTEFVX3lxTFAtZ0NqeGlkU1gwcV9nWW1DY1JJeC10OFFHOU1qNWh2VDg3VkZNWGQ3Ym9HSGF6Mk56aWp1cUFmcmhDTnRxUzluelJJc20?oc=5,https://news.google.com/rss/articles/CBMiTEFVX3lxTFAtZ0NqeGlkU1gwcV9nWW1DY1JJeC10OFFHOU1qNWh2VDg3VkZNWGQ3Ym9HSGF6Mk56aWp1cUFmcmhDTnRxUzluelJJc20?oc=5,dxmagazine.jp,news_pr,2025-09-17,2026-09-14,2026-09-14T16:47:44,明治,ステップ,明治ステップ,1-3,,"<a href=""https://news.google.com/rss/articles/CBMiTEFVX3lxTFAtZ0NqeGlkU1gwcV9nWW1DY1JJeC10OFFHOU1qNWh2VDg3VkZNWGQ3Ym9HSGF6Mk56aWp1cUFmcmhDTnRxUzluelJJc20?oc=5"" target=""_blank"">明治「ほほえみ」「ステップ」、乳児・幼児用粉ミルクで日本初のビフィズス菌配合が承認</a>&nbsp;&nbsp;<font color=""#6f6f6f"">dxmagazine.jp</font>",915977560ae96827cc552283b1b0b1a51ff10628efdf3677bb013343263a514a,"{""query"": ""\""明治 ステップ\"" 2026-02""}"
39,フォローアップミルクのおすすめ人気ランキング【2026年9月】 - マイベスト,https://news.google.com/rss/articles/CBMiPEFVX3lxTE1WZzhCYnRaV0QwRmc3aFFHTm9XcDdqa2ZUX1BxanJwT2xGUmwyWVE1Y1RJSkw1eUVFQU9hOQ?oc=5,https://news.google.com/rss/articles/CBMiPEFVX3lxTE1WZzhCYnRaV0QwRmc3aFFHTm9XcDdqa2ZUX1BxanJwT2xGUmwyWVE1Y1RJSkw1eUVFQU9hOQ?oc=5,マイベスト,news_pr,2018-03-06,2026-09-14,2026-09-14T16:47:44,明治,ステップ,明治ステップ,1-3,,"<a href=""https://news.google.com/rss/articles/CBMiPEFVX3lxTE1WZzhCYnRaV0QwRmc3aFFHTm9XcDdqa2ZUX1BxanJwT2xGUmwyWVE1Y1RJSkw1eUVFQU9hOQ?oc=5"" target=""_blank"">フォローアップミルクのおすすめ人気ランキング【2026年9月】</a>&nbsp;&nbsp;<font color=""#6f6f6f"">マイベスト</font>",0be6efaaa8c379884a98b04a31098f8c2a857e8c229ff99be16e51a2faeb23ba,"{""query"": ""\""明治 ステップ\"" 2026-02""}"
40,ビフィズス菌と亜鉛を新配合！お子さまに対する栄養面での不安に応えるフォローアップミルク「明治ステップ」「明治ステップ らくらくキューブ」3月9日 発売／全国 - meiji.co.jp,https://news.google.com/rss/articles/CBMid0FVX3lxTFB1em9ZTmhTWEMxRDN0amhId1ZZcnBqVGpYSXpUWkM0dl8wSFVraG1xX3NMRWVCWlBkUUl1d1FNOVZuNTk2c2R2S0pOdWZqMGNaLTZWR3FrMjJ6SnpKRmZpUzJuUklyZm1oOEhSRy1mZVZGRy15MU9Z?oc=5,https://news.google.com/rss/articles/CBMid0FVX3lxTFB1em9ZTmhTWEMxRDN0amhId1ZZcnBqVGpYSXpUWkM0dl8wSFVraG1xX3NMRWVCWlBkUUl1d1FNOVZuNTk2c2R2S0pOdWZqMGNaLTZWR3FrMjJ6SnpKRmZpUzJuUklyZm1oOEhSRy1mZVZGRy15MU9Z?oc=5,meiji.co.jp,news_pr,2026-03-02,2026-09-14,2026-09-14T16:47:45,明治,ステップ,明治ステップ,1-3,,"<a href=""https://news.google.com/rss/articles/CBMid0FVX3lxTFB1em9ZTmhTWEMxRDN0amhId1ZZcnBqVGpYSXpUWkM0dl8wSFVraG1xX3NMRWVCWlBkUUl1d1FNOVZuNTk2c2R2S0pOdWZqMGNaLTZWR3FrMjJ6SnpKRmZpUzJuUklyZm1oOEhSRy1mZVZGRy15MU9Z?oc=5"" target=""_blank"">ビフィズス菌と亜鉛を新配合！お子さまに対する栄養面での不安に応えるフォローアップミルク「明治ステップ」「明治ステップ らくらくキューブ」3月9日 発売／全国</a>&nbsp;&nbsp;<font color=""#6f6f6f"">meiji.co.jp</font>",d42902dcfd6e78e9565a7558045f9f5255fa918d232801f6599ef455da587422,"{""query"": ""\""明治 ステップ\"" 2026-03""}"
41,「明治ほほえみ らくらくミルク」「明治ステップ らくらくミルク」 リニューアル発売のお知らせ - kyodo.co.jp,https://news.google.com/rss/articles/CBMiWkFVX3lxTE8wUkRpakpRWmMzZDdzUEtLV0g0a3VoV0lteXdSUGJrT3o5a2JXQXlTcGJ2U0ozM3lIblBkODhlRnpSbWJ3RngwOFVGLUhSZWFFNFFTdlNFenRXQQ?oc=5,https://news.google.com/rss/articles/CBMiWkFVX3lxTE8wUkRpakpRWmMzZDdzUEtLV0g0a3VoV0lteXdSUGJrT3o5a2JXQXlTcGJ2U0ozM3lIblBkODhlRnpSbWJ3RngwOFVGLUhSZWFFNFFTdlNFenRXQQ?oc=5,kyodo.co.jp,news_pr,2025-10-30,2026-09-14,2026-09-14T16:47:48,明治,ステップ,明治ステップ,1-3,,"<a href=""https://news.google.com/rss/articles/CBMiWkFVX3lxTE8wUkRpakpRWmMzZDdzUEtLV0g0a3VoV0lteXdSUGJrT3o5a2JXQXlTcGJ2U0ozM3lIblBkODhlRnpSbWJ3RngwOFVGLUhSZWFFNFFTdlNFenRXQQ?oc=5"" target=""_blank"">「明治ほほえみ らくらくミルク」「明治ステップ らくらくミルク」 リニューアル発売のお知らせ</a>&nbsp;&nbsp;<font color=""#6f6f6f"">kyodo.co.jp</font>",65abf30ebf29afd635f338959fd7d0c2de1f307eee8fc8adae9bf1d63d61979b,"{""query"": ""\""明治 ステップ\"" 2026-06""}"
42,乳幼児ママ・プレママの防災備蓄に関する実態調査 2026 防災意識は高いのに、赤ちゃんの備えは“手薄”に 乳幼児ママ・プレママの98.7％が「防災は重要」 一方、「十分に備蓄できている」はわずか3.4％ ～停電・断水時の授乳に不安を感じる人は94.6％、ミルク・水の備えに課題 - meiji.co.jp,https://news.google.com/rss/articles/CBMid0FVX3lxTFBzSFY5alIwLXJzNmxkV0ZOTHlwNkFZVDJOUUVJMzZHUFVxX29QRHk3NjlJdGgyYTlRcGwyRWRpbExaUlJ6bS01STdzSEFLb1FlRFo4dUoyNlNTRVpHYkpPNHJmZU1ueThDaHVzNlRlWDVuVm1qZTBJ?oc=5,https://news.google.com/rss/articles/CBMid0FVX3lxTFBzSFY5alIwLXJzNmxkV0ZOTHlwNkFZVDJOUUVJMzZHUFVxX29QRHk3NjlJdGgyYTlRcGwyRWRpbExaUlJ6bS01STdzSEFLb1FlRFo4dUoyNlNTRVpHYkpPNHJmZU1ueThDaHVzNlRlWDVuVm1qZTBJ?oc=5,meiji.co.jp,news_pr,2026-07-16,2026-09-14,2026-09-14T16:56:45,明治,ステップ,明治ステップ,1-3,,"<a href=""https://news.google.com/rss/articles/CBMid0FVX3lxTFBzSFY5alIwLXJzNmxkV0ZOTHlwNkFZVDJOUUVJMzZHUFVxX29QRHk3NjlJdGgyYTlRcGwyRWRpbExaUlJ6bS01STdzSEFLb1FlRFo4dUoyNlNTRVpHYkpPNHJmZU1ueThDaHVzNlRlWDVuVm1qZTBJ?oc=5"" target=""_blank"">乳幼児ママ・プレママの防災備蓄に関する実態調査 2026 防災意識は高いのに、赤ちゃんの備えは“手薄”に 乳幼児ママ・プレママの98.7％が「防災は重要」 一方、「十分に備蓄できている」はわずか3.4％ ～停電・断水時の授乳に不安を感じる人は94.6％、ミルク・水の備えに課題</a>&nbsp;&nbsp;<font color=""#6f6f6f"">meiji.co.jp</font>",efeb76f9e1b9dc0b92cac0f3122ce3569b7700ed4fb8f6b839fe39b4273b2560,"{""query"": ""\""明治 ステップ\"" after:2026-01-01 before:2026-08-31""}"
43,明治、液体ミルク刷新 安全性最優先でプルタブ缶に - 日本食糧新聞・電子版,https://news.google.com/rss/articles/CBMiZkFVX3lxTE1rY3RqQ1ktdXZGQldCRGNMMHowQlBERk9UTkFjLTRPOUtuOG1xSUhaRXFEZlQ1WjZ3QmtCVkFyQ2h2d09xZmNKcU5tYTFiRFFnZ3k4N2lsVmJfSW1LQ1R5TmxzYW9Gdw?oc=5,https://news.google.com/rss/articles/CBMiZkFVX3lxTE1rY3RqQ1ktdXZGQldCRGNMMHowQlBERk9UTkFjLTRPOUtuOG1xSUhaRXFEZlQ1WjZ3QmtCVkFyQ2h2d09xZmNKcU5tYTFiRFFnZ3k4N2lsVmJfSW1LQ1R5TmxzYW9Gdw?oc=5,日本食糧新聞・電子版,news_pr,2025-10-30,2026-09-14,2026-09-14T16:47:50,明治,ステップ,明治ステップ,1-3,,"<a href=""https://news.google.com/rss/articles/CBMiZkFVX3lxTE1rY3RqQ1ktdXZGQldCRGNMMHowQlBERk9UTkFjLTRPOUtuOG1xSUhaRXFEZlQ1WjZ3QmtCVkFyQ2h2d09xZmNKcU5tYTFiRFFnZ3k4N2lsVmJfSW1LQ1R5TmxzYW9Gdw?oc=5"" target=""_blank"">明治、液体ミルク刷新 安全性最優先でプルタブ缶に</a>&nbsp;&nbsp;<font color=""#6f6f6f"">日本食糧新聞・電子版</font>",96644392f5671183ff89f957f046ea86b97c3945431faeccb0549b2f94fd035b,"{""query"": ""\""明治 ステップ\"" 2026-08""}"
44,明治、子どもの栄養テーマにセミナー開催 - dailydairynews.jp,https://news.google.com/rss/articles/CBMiS0FVX3lxTFBaWnd6YV8tZjRCSjV4ME1aUXF5Wlp1SUwtYUhqMWc0TlpEaXl2TWgwb0wxQzUtZEJjNjh3cHlERlFJTHlVLWh3VHpZUQ?oc=5,https://news.google.com/rss/articles/CBMiS0FVX3lxTFBaWnd6YV8tZjRCSjV4ME1aUXF5Wlp1SUwtYUhqMWc0TlpEaXl2TWgwb0wxQzUtZEJjNjh3cHlERlFJTHlVLWh3VHpZUQ?oc=5,dailydairynews.jp,news_pr,2025-04-08,2026-09-14,2026-09-14T16:47:50,明治,ステップ,明治ステップ,1-3,,"<a href=""https://news.google.com/rss/articles/CBMiS0FVX3lxTFBaWnd6YV8tZjRCSjV4ME1aUXF5Wlp1SUwtYUhqMWc0TlpEaXl2TWgwb0wxQzUtZEJjNjh3cHlERlFJTHlVLWh3VHpZUQ?oc=5"" target=""_blank"">明治、子どもの栄養テーマにセミナー開催</a>&nbsp;&nbsp;<font color=""#6f6f6f"">dailydairynews.jp</font>",dbb147dc955865617c0ede86db30e21a394c59b73e10d01452c916cff20ca72c,"{""query"": ""\""明治 ステップ\"" 2026-08""}"
45,はぐくみ｜商品情報｜妊娠・育児情報サイト「はぐくみ」｜森永乳業株式会社,https://www.hagukumi.ne.jp/products/hagukumi/,https://www.hagukumi.ne.jp/products/hagukumi,www.hagukumi.ne.jp,official_site,,2026-09-14,2026-09-14T16:57:25,森永乳業,はぐくみ,森永はぐくみ,0-1,"ã¯ããã¿ï½ååæ å ±ï½å¦å¨ ã»è²å æ å ±ãµã¤ããã¯ããã¿ãï½æ£®æ°¸ä¹³æ¥­æ ªå¼ä¼ç¤¾ æ£®æ°¸ã®ã³ã¢ãã©ã³ããã«ã¯ æ£®æ°¸ã¯ããã¿ 0ãµæï½1æ­³é ã¾ã§ æ¯ä¹³ããææ¬ã® æ é¤ãã©ã³ã¹ã¨ èµ¤ã¡ããã® ããªããèããæå ä¹³å è ¸å ç´°èå¢ã¢ãã«å¹é¤è©¦é¨ â»2 ãç¨ãã ããã£ãºã¹èå¢æ®å¹æ â»3 ã®æ¯è¼ æ¥æ¬å½å ã§è²©å£²ããã¦ããä¹³å ç¨èª¿è£½ç²ä¹³ä¸­ã2020å¹´4æç¾å¨ãæ£®æ°¸ä¹³æ¥­æ ªèª¿ã¹ ä¹³å ã®ä»£è¡¨çãªè ¸å ç´°è7ç¨®é¡ãå«æ°çã«æ··åå¹é¤ãããªãªã´ç³ã®å¹æãæ¯è¼ãã¾ããã7ç¨®é¡ã®è ¸å ç´°èã®ä¸­ã«ã¯ãä¹³å ã®è ¸å ã«ãããä»£è¡¨çãªããã£ãºã¹èã§ããBãbreveã¨B. longumãå«ã¿ã¾ãã ããã£ãºã¹è B.breve ã¨ B. longum ã®èæ°ã®ç·åã§æ¯è¼ãã¾ããã æ°å¤ã¯ä¸ä¾ã§ããè©¦é¨æ¡ä»¶ã«ãã£ã¦å¤åãã¾ããåºå ¸ï¼ãBritish Journal of Nutrition ï¼2016ï¼ï¼ 116, 270-278ãããä½å³ èµ¤ã¡ããã«å¤§åãªããã£ãºã¹è å¹´é½¢ã«ããè ¸å ç´°èãã©ã³ã¹ã®å¤å åºå ¸ï¼ãOdamaki T et al. BMC Microbiolï¼2016ï¼ããå ã«ä½å³ ä¹³å¹¼å æã¯å¤§äººã«æ¯ã¹ã¦ããã£ãºã¹èãå¤ãããã®ææã®å¹¼å ã«ã¨ã£ã¦éè¦ã¨èãããã¦ãã¾ãã ãã¯ããã¿ãã»ãEèµ¤ã¡ãããã¯ãããã£ãºã¹èããµãã¼ããããªãªã´ç³3ç¨®é¡ã®ç¹å¥ãªçµã¿åãããå ¥ã£ã¦ãã¾ãã è²å ç¨ãã«ã¯ã¸ã®é åã¯ æ£®æ°¸ã ã â»1 åä¹³ã«å¤ãã©ã¯ããã§ãªã³ æ¯ä¹³ï¼ç¹ã«åä¹³ï¼ã«å¤ãããã±ãè³ªã§ å¤§åãªèµ¤ã¡ãããå®ãæåã§ãã ã¯ããã¿ã¨Eèµ¤ã¡ããã¯ã èµ¤ã¡ããã®ããã«ã©ã¯ããã§ãªã³ã é åãã¦ãã¾ãã â»2 åä¹³ï¼æ¯ä¹³ï¼ã®ããã±ãè³ªä¸­ã®ã©ã¯ããã§ãªã³ã®å²å åºå ¸ï¼ãæ¯ä¹³ã®æ é¤å­¦ãæ¸ æ¾¤åã1998ãã æ£®æ°¸BF-Lãã©ã¤ãã«ã¯ ï¼1986å¹´çºå£²å½æï¼ æ£®æ°¸ä¹³æ¥­ã¯ã©ã¯ããã§ãªã³ã®ãã¤ãªãã¢ æ£®æ°¸ä¹³æ¥­ã§ã¯1960å¹´ä»£ããã©ã¯ããã§ãªã³ã«æ³¨ç®ãããã®ç ç©¶ã®æ­´å²ã¯åä¸ç´ä»¥ä¸ã«åã³ã¾ãã1986å¹´ãæ£®æ°¸ä¹³æ¥­ã®é·å¹´ã®ç ç©¶ãçµå®ããã©ã¯ããã§ãªã³ãé åããè²å ç¨ãã«ã¯ãæ£®æ°¸BF-Lãã©ã¤ãã«ã¯ããèªçãã¾ããã æ¥æ¬å½å ã§è²©å£²ããã¦ããä¹³å ç¨èª¿è£½ç²ä¹³ä¸­ã2020å¹´4æç¾å¨ãæ£®æ°¸ä¹³æ¥­ã±èª¿ã¹ Eèµ¤ã¡ããã¯ã©ã¯ãã",ã¯ããã¿ï½ååæ å ±ï½å¦å¨ ã»è²å æ å ±ãµã¤ããã¯ããã¿ãï½æ£®æ°¸ä¹³æ¥­æ ªå¼ä¼ç¤¾ æ£®æ°¸ã®ã³ã¢ãã©ã³ããã«ã¯ æ£®æ°¸ã¯ããã¿ 0ãµæï½1æ­³é ã¾ã§ æ¯ä¹³ããææ¬ã® æ é¤ãã©ã³ã¹ã¨ èµ¤ã¡ããã® ããªããèããæå ä¹³å è ¸å ç´°èå¢ã¢ã,c910b1f9521b01db8995fb28565b86fb1f100c39da070e0547ca3515a2bbbcd3,{}
46,森永乳業、育児用ミルクなど計15品を値上げ - dailydairynews.jp,https://news.google.com/rss/articles/CBMiS0FVX3lxTE13azloWHE2QlAxN3c2Q3ZBYldBM0RZNDkwMXpBbWN1MVg4MGZQbnQ0d181RXFCWHNoUzZVb0kxR2N2S2dMLWJpNVZ2cw?oc=5,https://news.google.com/rss/articles/CBMiS0FVX3lxTE13azloWHE2QlAxN3c2Q3ZBYldBM0RZNDkwMXpBbWN1MVg4MGZQbnQ0d181RXFCWHNoUzZVb0kxR2N2S2dMLWJpNVZ2cw?oc=5,dailydairynews.jp,news_pr,2025-03-24,2026-09-14,2026-09-14T16:48:34,森永乳業,はぐくみ,森永はぐくみ,0-1,,"<a href=""https://news.google.com/rss/articles/CBMiS0FVX3lxTE13azloWHE2QlAxN3c2Q3ZBYldBM0RZNDkwMXpBbWN1MVg4MGZQbnQ0d181RXFCWHNoUzZVb0kxR2N2S2dMLWJpNVZ2cw?oc=5"" target=""_blank"">森永乳業、育児用ミルクなど計15品を値上げ</a>&nbsp;&nbsp;<font color=""#6f6f6f"">dailydairynews.jp</font>",d283a0979cac230386dffdcfa7185249a2a41d486f53bd0e4876262522e3f52d,"{""query"": ""\""森永 はぐくみ\"" 2026-01""}"
47,入れ替えタイプの育児用ミルク 専用ケースの「素材・サイズ・設計」を見直し/森永乳業 - 健康美容Expo,https://news.google.com/rss/articles/CBMiaEFVX3lxTFBrNUVQSnlPMjJvT3N5UGhrUEFHZi1ZSnc5bXQtVkU4UlE1Z0QtRzdpdzJhbkoyX1dyVnZ0a2F3S2hteXFyV19yUzZmQ3lsVmxLR1V4WGxrdVFkaVBJRlgyXzdpZks1bC0w?oc=5,https://news.google.com/rss/articles/CBMiaEFVX3lxTFBrNUVQSnlPMjJvT3N5UGhrUEFHZi1ZSnc5bXQtVkU4UlE1Z0QtRzdpdzJhbkoyX1dyVnZ0a2F3S2hteXFyV19yUzZmQ3lsVmxLR1V4WGxrdVFkaVBJRlgyXzdpZks1bC0w?oc=5,健康美容Expo,news_pr,2018-08-01,2026-09-14,2026-09-14T16:49:31,森永乳業,E赤ちゃん,森永E赤ちゃん,0-1,,"<a href=""https://news.google.com/rss/articles/CBMiaEFVX3lxTFBrNUVQSnlPMjJvT3N5UGhrUEFHZi1ZSnc5bXQtVkU4UlE1Z0QtRzdpdzJhbkoyX1dyVnZ0a2F3S2hteXFyV19yUzZmQ3lsVmxLR1V4WGxrdVFkaVBJRlgyXzdpZks1bC0w?oc=5"" target=""_blank"">入れ替えタイプの育児用ミルク 専用ケースの「素材・サイズ・設計」を見直し/森永乳業</a>&nbsp;&nbsp;<font color=""#6f6f6f"">健康美容Expo</font>",e9e8ba436fae1fd483bbbf6aa891e38812f9a71429d9137355a90e4a8019899a,"{""query"": ""\""森永 E赤ちゃん\"" 2026-08""}"
48,生活者の環境意識は高いが 10代の過半数は“エコ疲れ” - ダイヤモンド・チェーンストアオンライン,https://news.google.com/rss/articles/CBMicEFVX3lxTE1vS3ZJQ0Z3RURMZmxGTXV0UjFwbDRzVTNMcGZEVmdSRFVVaEVVRFdPVlZ4OW9DWDlkRTlhOHNCakRFb3RyYjlkeEc2ZUxDMDV5Rlc0UkVxNkRkdjl1aHA1QmRVM3VMcDFjY2U1VGNUSXQ?oc=5,https://news.google.com/rss/articles/CBMicEFVX3lxTE1vS3ZJQ0Z3RURMZmxGTXV0UjFwbDRzVTNMcGZEVmdSRFVVaEVVRFdPVlZ4OW9DWDlkRTlhOHNCakRFb3RyYjlkeEc2ZUxDMDV5Rlc0UkVxNkRkdjl1aHA1QmRVM3VMcDFjY2U1VGNUSXQ?oc=5,ダイヤモンド・チェーンストアオンライン,news_pr,2025-01-04,2026-09-14,2026-09-14T16:49:31,森永乳業,E赤ちゃん,森永E赤ちゃん,0-1,,"<a href=""https://news.google.com/rss/articles/CBMicEFVX3lxTE1vS3ZJQ0Z3RURMZmxGTXV0UjFwbDRzVTNMcGZEVmdSRFVVaEVVRFdPVlZ4OW9DWDlkRTlhOHNCakRFb3RyYjlkeEc2ZUxDMDV5Rlc0UkVxNkRkdjl1aHA1QmRVM3VMcDFjY2U1VGNUSXQ?oc=5"" target=""_blank"">生活者の環境意識は高いが 10代の過半数は“エコ疲れ”</a>&nbsp;&nbsp;<font color=""#6f6f6f"">ダイヤモンド・チェーンストアオンライン</font>",b2901a0040c494d860636d33f7ef2d1fe242a4fe58a4863e409b7010621bcba2,"{""query"": ""\""森永 E赤ちゃん\"" 2026-08""}"
49,フォローアップミルクのおすすめ人気ランキング【2026年9月】 - マイベスト,https://news.google.com/rss/articles/CBMiPEFVX3lxTE1WZzhCYnRaV0QwRmc3aFFHTm9XcDdqa2ZUX1BxanJwT2xGUmwyWVE1Y1RJSkw1eUVFQU9hOQ?oc=5,https://news.google.com/rss/articles/CBMiPEFVX3lxTE1WZzhCYnRaV0QwRmc3aFFHTm9XcDdqa2ZUX1BxanJwT2xGUmwyWVE1Y1RJSkw1eUVFQU9hOQ?oc=5,マイベスト,news_pr,2018-03-06,2026-09-14,2026-09-14T16:50:15,森永乳業,チルミル,森永チルミル,1-3,,"<a href=""https://news.google.com/rss/articles/CBMiPEFVX3lxTE1WZzhCYnRaV0QwRmc3aFFHTm9XcDdqa2ZUX1BxanJwT2xGUmwyWVE1Y1RJSkw1eUVFQU9hOQ?oc=5"" target=""_blank"">フォローアップミルクのおすすめ人気ランキング【2026年9月】</a>&nbsp;&nbsp;<font color=""#6f6f6f"">マイベスト</font>",0be6efaaa8c379884a98b04a31098f8c2a857e8c229ff99be16e51a2faeb23ba,"{""query"": ""\""森永 チルミル\"" 2026-02""}"
50,乳児用ミルク「明治ほほえみ」が 第7回「日本子育て支援大賞2026」を受賞 - 共同通信PRワイヤー,https://news.google.com/rss/articles/CBMiW0FVX3lxTE4yeU5MMk8wVVVfQk1Ra0ZtMTRLZDBUZ0NrUnprRllFeEVpQUI2ZV9LNkgxdEVJMDdhUkJKUGE2R1ptaWFpZFdlRWRPb0ltUDRvMDZYTzExbkdicWs?oc=5,https://news.google.com/rss/articles/CBMiW0FVX3lxTE4yeU5MMk8wVVVfQk1Ra0ZtMTRLZDBUZ0NrUnprRllFeEVpQUI2ZV9LNkgxdEVJMDdhUkJKUGE2R1ptaWFpZFdlRWRPb0ltUDRvMDZYTzExbkdicWs?oc=5,共同通信PRワイヤー,news_pr,2026-07-14,2026-09-14,2026-09-14T16:56:07,明治,ほほえみ,明治ほほえみ,0-1,,"<a href=""https://news.google.com/rss/articles/CBMiW0FVX3lxTE4yeU5MMk8wVVVfQk1Ra0ZtMTRLZDBUZ0NrUnprRllFeEVpQUI2ZV9LNkgxdEVJMDdhUkJKUGE2R1ptaWFpZFdlRWRPb0ltUDRvMDZYTzExbkdicWs?oc=5"" target=""_blank"">乳児用ミルク「明治ほほえみ」が 第7回「日本子育て支援大賞2026」を受賞</a>&nbsp;&nbsp;<font color=""#6f6f6f"">共同通信PRワイヤー</font>",19349a6a951bcd0feb31bb36879a2e18bc7065063d90db47df5b196b7cad729e,"{""query"": ""\""明治 ほほえみ\"" after:2026-01-01 before:2026-08-31""}"
51,日本初※ビフィズス菌配合の『安心』を味方に。明治ほほえみセミナー体験レポート - ママリ,https://news.google.com/rss/articles/CBMiO0FVX3lxTFBaMkdWZ0pTa2Y2ZkgweWJKZHp5Q05sbUV2UzNQakdrZ0ZaNDZHQUlkX2JJWEhYcVpqSTVN?oc=5,https://news.google.com/rss/articles/CBMiO0FVX3lxTFBaMkdWZ0pTa2Y2ZkgweWJKZHp5Q05sbUV2UzNQakdrZ0ZaNDZHQUlkX2JJWEhYcVpqSTVN?oc=5,ママリ,news_pr,2026-06-18,2026-09-14,2026-09-14T16:56:07,明治,ほほえみ,明治ほほえみ,0-1,,"<a href=""https://news.google.com/rss/articles/CBMiO0FVX3lxTFBaMkdWZ0pTa2Y2ZkgweWJKZHp5Q05sbUV2UzNQakdrZ0ZaNDZHQUlkX2JJWEhYcVpqSTVN?oc=5"" target=""_blank"">日本初※ビフィズス菌配合の『安心』を味方に。明治ほほえみセミナー体験レポート</a>&nbsp;&nbsp;<font color=""#6f6f6f"">ママリ</font>",50f476660d45bb69f8380ec80d23264847714be86e60b911c4d43f8def5faa96,"{""query"": ""\""明治 ほほえみ\"" after:2026-01-01 before:2026-08-31""}"
52,乳児用ミルク『明治ほほえみ』が第7回「日本子育て支援大賞2026」を受賞 - PR TIMES,https://news.google.com/rss/articles/CBMiakFVX3lxTE1QVmdfd0ViUTRqTnBSMXVaZFdNUGd1eHlacExKd2N6TzFiOUtQUEZST2NKdWdDRl96TE5TRmJ0YWtjQl9aU1BHTV9qYkNSY05OMFRIbFBPZkhESEo5ZU5zakJtNmZTQ1h4V1E?oc=5,https://news.google.com/rss/articles/CBMiakFVX3lxTE1QVmdfd0ViUTRqTnBSMXVaZFdNUGd1eHlacExKd2N6TzFiOUtQUEZST2NKdWdDRl96TE5TRmJ0YWtjQl9aU1BHTV9qYkNSY05OMFRIbFBPZkhESEo5ZU5zakJtNmZTQ1h4V1E?oc=5,PR TIMES,news_pr,2026-07-14,2026-09-14,2026-09-14T16:56:07,明治,ほほえみ,明治ほほえみ,0-1,,"<a href=""https://news.google.com/rss/articles/CBMiakFVX3lxTE1QVmdfd0ViUTRqTnBSMXVaZFdNUGd1eHlacExKd2N6TzFiOUtQUEZST2NKdWdDRl96TE5TRmJ0YWtjQl9aU1BHTV9qYkNSY05OMFRIbFBPZkhESEo5ZU5zakJtNmZTQ1h4V1E?oc=5"" target=""_blank"">乳児用ミルク『明治ほほえみ』が第7回「日本子育て支援大賞2026」を受賞</a>&nbsp;&nbsp;<font color=""#6f6f6f"">PR TIMES</font>",2ea2fcd6a2000e3cf34f6c62ab918a7b740cb1c8d28b48165f931ddbb2dc0dbf,"{""query"": ""\""明治 ほほえみ\"" PR TIMES after:2026-01-01 before:2026-08-31""}"
53,乳幼児ママ・プレママの防災備蓄に関する実態調査 2026：防災意識は高いのに、赤ちゃんの備えは“手薄”に。乳幼児ママ・プレママの98.7％が「防災は重要」一方、「十分に備蓄できている」はわずか3.4％ | 株式会社 明治のプレスリリース - PR TIMES,https://news.google.com/rss/articles/CBMiakFVX3lxTE1CYzRpTjY1SkRIY19ETUY3TllyTXdSQXNZaTNGM0JOUWlsRlBJSVF5VFgzM1FvdlBaRnVlaWVWWWVUZlBCUjU3WVZzci1jVWF4eTZOenFOaGZmYm5FRDVzTFlDSGQxN0pxWWc?oc=5,https://news.google.com/rss/articles/CBMiakFVX3lxTE1CYzRpTjY1SkRIY19ETUY3TllyTXdSQXNZaTNGM0JOUWlsRlBJSVF5VFgzM1FvdlBaRnVlaWVWWWVUZlBCUjU3WVZzci1jVWF4eTZOenFOaGZmYm5FRDVzTFlDSGQxN0pxWWc?oc=5,PR TIMES,news_pr,2026-07-16,2026-09-14,2026-09-14T16:56:07,明治,ほほえみ,明治ほほえみ,0-1,,"<a href=""https://news.google.com/rss/articles/CBMiakFVX3lxTE1CYzRpTjY1SkRIY19ETUY3TllyTXdSQXNZaTNGM0JOUWlsRlBJSVF5VFgzM1FvdlBaRnVlaWVWWWVUZlBCUjU3WVZzci1jVWF4eTZOenFOaGZmYm5FRDVzTFlDSGQxN0pxWWc?oc=5"" target=""_blank"">乳幼児ママ・プレママの防災備蓄に関する実態調査 2026：防災意識は高いのに、赤ちゃんの備えは“手薄”に。乳幼児ママ・プレママの98.7％が「防災は重要」一方、「十分に備蓄できている」はわずか3.4％ | 株式会社 明治のプレスリリース</a>&nbsp;&nbsp;<font color=""#6f6f6f"">PR TIMES</font>",9bff66ec615021b371b9a0380044abf8a182173241db0ecc29a7e26e7ca6096e,"{""query"": ""\""明治 ほほえみ\"" PR TIMES after:2026-01-01 before:2026-08-31""}"
54,明治ブルガリアヨーグルト「ヨーグルトの日」PRイベントを開催 - PR TIMES,https://news.google.com/rss/articles/CBMiakFVX3lxTFBaczViTUFoSThWY2dRU1RCZDQwblhTQ1hweVcwcm9ENzc3Y2RFSXRUQjBSeEJOWlhrOVg5RlBIV0RGUDNUTmlHVURwNHRqNjlmNlZWQUgza0JLYlJMS1N5eWRuSU1VRFV3eEE?oc=5,https://news.google.com/rss/articles/CBMiakFVX3lxTFBaczViTUFoSThWY2dRU1RCZDQwblhTQ1hweVcwcm9ENzc3Y2RFSXRUQjBSeEJOWlhrOVg5RlBIV0RGUDNUTmlHVURwNHRqNjlmNlZWQUgza0JLYlJMS1N5eWRuSU1VRFV3eEE?oc=5,PR TIMES,news_pr,2026-05-15,2026-09-14,2026-09-14T16:56:07,明治,ほほえみ,明治ほほえみ,0-1,,"<a href=""https://news.google.com/rss/articles/CBMiakFVX3lxTFBaczViTUFoSThWY2dRU1RCZDQwblhTQ1hweVcwcm9ENzc3Y2RFSXRUQjBSeEJOWlhrOVg5RlBIV0RGUDNUTmlHVURwNHRqNjlmNlZWQUgza0JLYlJMS1N5eWRuSU1VRFV3eEE?oc=5"" target=""_blank"">明治ブルガリアヨーグルト「ヨーグルトの日」PRイベントを開催</a>&nbsp;&nbsp;<font color=""#6f6f6f"">PR TIMES</font>",e578e89a537057ef93aa997831138f90ddeef18afdec9bb45ea824dbaf34a9a1,"{""query"": ""\""明治 ほほえみ\"" PR TIMES after:2026-01-01 before:2026-08-31""}"
55,“あなたの舌タイプ”で、ヨーグルトの食べ方が変わる！？ 「ひと皿で満足できるヨーグルト」を提案する、体験型POP UPが渋谷に登場！ - PR TIMES,https://news.google.com/rss/articles/CBMiakFVX3lxTE0zdFhsRDFnWTJrMUctR3BvU2xTako5ZTNrb0w2RzkzUWIzeHFiNmpzYWNwaWxkeGVBSWJ0NkFaRWJtWjRHaVlzN0NXRXhFZ1FHTjlRT0YxZ3NfUUREV1lJbU1SR3lsSlpoV2c?oc=5,https://news.google.com/rss/articles/CBMiakFVX3lxTE0zdFhsRDFnWTJrMUctR3BvU2xTako5ZTNrb0w2RzkzUWIzeHFiNmpzYWNwaWxkeGVBSWJ0NkFaRWJtWjRHaVlzN0NXRXhFZ1FHTjlRT0YxZ3NfUUREV1lJbU1SR3lsSlpoV2c?oc=5,PR TIMES,news_pr,2026-05-11,2026-09-14,2026-09-14T16:56:07,明治,ほほえみ,明治ほほえみ,0-1,,"<a href=""https://news.google.com/rss/articles/CBMiakFVX3lxTE0zdFhsRDFnWTJrMUctR3BvU2xTako5ZTNrb0w2RzkzUWIzeHFiNmpzYWNwaWxkeGVBSWJ0NkFaRWJtWjRHaVlzN0NXRXhFZ1FHTjlRT0YxZ3NfUUREV1lJbU1SR3lsSlpoV2c?oc=5"" target=""_blank"">“あなたの舌タイプ”で、ヨーグルトの食べ方が変わる！？ 「ひと皿で満足できるヨーグルト」を提案する、体験型POP UPが渋谷に登場！</a>&nbsp;&nbsp;<font color=""#6f6f6f"">PR TIMES</font>",103f8474dcd76597bf7c2ecc94c2203bad1a645d93c018c98a7d49212e9b4761,"{""query"": ""\""明治 ほほえみ\"" PR TIMES after:2026-01-01 before:2026-08-31""}"
56,ビフィズス菌と亜鉛を新配合「明治ステップ」「明治ステップ らくらくキューブ」 3月9日発売／全国 - 共同通信PRワイヤー,https://news.google.com/rss/articles/CBMiW0FVX3lxTE9tdXpmNnNZb19odmhYMmR4T1l0SWNUYmhmUENKclJ4RmN1LXNmM3Y0dGU3T205WGVkWTBQSElwWlltNVhLTWxCa3JIRnZXR0hma0laelRaWnIzZnM?oc=5,https://news.google.com/rss/articles/CBMiW0FVX3lxTE9tdXpmNnNZb19odmhYMmR4T1l0SWNUYmhmUENKclJ4RmN1LXNmM3Y0dGU3T205WGVkWTBQSElwWlltNVhLTWxCa3JIRnZXR0hma0laelRaWnIzZnM?oc=5,共同通信PRワイヤー,news_pr,2026-03-02,2026-09-14,2026-09-14T16:56:45,明治,ステップ,明治ステップ,1-3,,"<a href=""https://news.google.com/rss/articles/CBMiW0FVX3lxTE9tdXpmNnNZb19odmhYMmR4T1l0SWNUYmhmUENKclJ4RmN1LXNmM3Y0dGU3T205WGVkWTBQSElwWlltNVhLTWxCa3JIRnZXR0hma0laelRaWnIzZnM?oc=5"" target=""_blank"">ビフィズス菌と亜鉛を新配合「明治ステップ」「明治ステップ らくらくキューブ」 3月9日発売／全国</a>&nbsp;&nbsp;<font color=""#6f6f6f"">共同通信PRワイヤー</font>",05b3dd8a604b29b8f3efe1eb49b91d3c207334cd0ffde89ac1e00dd08b578c81,"{""query"": ""\""明治 ステップ\"" after:2026-01-01 before:2026-08-31""}"
57,幼児期に不足しがちな栄養をサポートする 「明治ステップ」と「明治ミラフル」が「ドラえもん」とタイアップ 小田急線の車両をジャック！ - PR TIMES,https://news.google.com/rss/articles/CBMiakFVX3lxTE45anlGNGxlWnZtV2t5dW11MEl5S1lEbDJTTVIyU0w5dXRqQkNVMnhCOUNMRWhGd3lrbjlDN0VoR3kxRk8tX2QwQjR5X3hEWEZNam1kWlFpc0poS3Y3RWYydFBkRDhjdFd6bGc?oc=5,https://news.google.com/rss/articles/CBMiakFVX3lxTE45anlGNGxlWnZtV2t5dW11MEl5S1lEbDJTTVIyU0w5dXRqQkNVMnhCOUNMRWhGd3lrbjlDN0VoR3kxRk8tX2QwQjR5X3hEWEZNam1kWlFpc0poS3Y3RWYydFBkRDhjdFd6bGc?oc=5,PR TIMES,news_pr,2026-03-02,2026-09-14,2026-09-14T16:56:45,明治,ステップ,明治ステップ,1-3,,"<a href=""https://news.google.com/rss/articles/CBMiakFVX3lxTE45anlGNGxlWnZtV2t5dW11MEl5S1lEbDJTTVIyU0w5dXRqQkNVMnhCOUNMRWhGd3lrbjlDN0VoR3kxRk8tX2QwQjR5X3hEWEZNam1kWlFpc0poS3Y3RWYydFBkRDhjdFd6bGc?oc=5"" target=""_blank"">幼児期に不足しがちな栄養をサポートする 「明治ステップ」と「明治ミラフル」が「ドラえもん」とタイアップ 小田急線の車両をジャック！</a>&nbsp;&nbsp;<font color=""#6f6f6f"">PR TIMES</font>",c861908a9255b5498a66500d3b8a91d64f9319caafe953fba88cf93c87141288,"{""query"": ""\""明治 ステップ\"" after:2026-01-01 before:2026-08-31""}"
58,明治、幼児用ミルクにビフィズス菌と亜鉛を追加 9日に切り替え - 日本経済新聞,https://news.google.com/rss/articles/CBMibEFVX3lxTE8zSUttTG03bWd6VC1sMlBKQTdUVlFDUmJ2RVcyNk9hMExHVHhubFIyejU4NFFLREV1SkJ3UFFyVnB2SmtDeFdlbWZHLXNyWGpyYjVfRFJzWk5rTEI5RGFCX2w1ZFpiVWpxb3MxUA?oc=5,https://news.google.com/rss/articles/CBMibEFVX3lxTE8zSUttTG03bWd6VC1sMlBKQTdUVlFDUmJ2RVcyNk9hMExHVHhubFIyejU4NFFLREV1SkJ3UFFyVnB2SmtDeFdlbWZHLXNyWGpyYjVfRFJzWk5rTEI5RGFCX2w1ZFpiVWpxb3MxUA?oc=5,日本経済新聞,news_pr,2026-03-05,2026-09-14,2026-09-14T16:56:45,明治,ステップ,明治ステップ,1-3,,"<a href=""https://news.google.com/rss/articles/CBMibEFVX3lxTE8zSUttTG03bWd6VC1sMlBKQTdUVlFDUmJ2RVcyNk9hMExHVHhubFIyejU4NFFLREV1SkJ3UFFyVnB2SmtDeFdlbWZHLXNyWGpyYjVfRFJzWk5rTEI5RGFCX2w1ZFpiVWpxb3MxUA?oc=5"" target=""_blank"">明治、幼児用ミルクにビフィズス菌と亜鉛を追加 9日に切り替え</a>&nbsp;&nbsp;<font color=""#6f6f6f"">日本経済新聞</font>",573de205462d5b513252c7479566773934703ec5f1d139e38a5dd7e8bb0a42a2,"{""query"": ""\""明治 ステップ\"" after:2026-01-01 before:2026-08-31""}"
59,乳児用ミルク『明治ほほえみ』が第7回「日本子育て支援大賞2026」を受賞 - PR TIMES,https://news.google.com/rss/articles/CBMiakFVX3lxTE1QVmdfd0ViUTRqTnBSMXVaZFdNUGd1eHlacExKd2N6TzFiOUtQUEZST2NKdWdDRl96TE5TRmJ0YWtjQl9aU1BHTV9qYkNSY05OMFRIbFBPZkhESEo5ZU5zakJtNmZTQ1h4V1E?oc=5,https://news.google.com/rss/articles/CBMiakFVX3lxTE1QVmdfd0ViUTRqTnBSMXVaZFdNUGd1eHlacExKd2N6TzFiOUtQUEZST2NKdWdDRl96TE5TRmJ0YWtjQl9aU1BHTV9qYkNSY05OMFRIbFBPZkhESEo5ZU5zakJtNmZTQ1h4V1E?oc=5,PR TIMES,news_pr,2026-07-14,2026-09-14,2026-09-14T16:56:45,明治,ステップ,明治ステップ,1-3,,"<a href=""https://news.google.com/rss/articles/CBMiakFVX3lxTE1QVmdfd0ViUTRqTnBSMXVaZFdNUGd1eHlacExKd2N6TzFiOUtQUEZST2NKdWdDRl96TE5TRmJ0YWtjQl9aU1BHTV9qYkNSY05OMFRIbFBPZkhESEo5ZU5zakJtNmZTQ1h4V1E?oc=5"" target=""_blank"">乳児用ミルク『明治ほほえみ』が第7回「日本子育て支援大賞2026」を受賞</a>&nbsp;&nbsp;<font color=""#6f6f6f"">PR TIMES</font>",2ea2fcd6a2000e3cf34f6c62ab918a7b740cb1c8d28b48165f931ddbb2dc0dbf,"{""query"": ""\""明治 ステップ\"" PR TIMES after:2026-01-01 before:2026-08-31""}"
60,乳幼児ママ・プレママの防災備蓄に関する実態調査 2026：防災意識は高いのに、赤ちゃんの備えは“手薄”に。乳幼児ママ・プレママの98.7％が「防災は重要」一方、「十分に備蓄できている」はわずか3.4％ | 株式会社 明治のプレスリリース - PR TIMES,https://news.google.com/rss/articles/CBMiakFVX3lxTE1CYzRpTjY1SkRIY19ETUY3TllyTXdSQXNZaTNGM0JOUWlsRlBJSVF5VFgzM1FvdlBaRnVlaWVWWWVUZlBCUjU3WVZzci1jVWF4eTZOenFOaGZmYm5FRDVzTFlDSGQxN0pxWWc?oc=5,https://news.google.com/rss/articles/CBMiakFVX3lxTE1CYzRpTjY1SkRIY19ETUY3TllyTXdSQXNZaTNGM0JOUWlsRlBJSVF5VFgzM1FvdlBaRnVlaWVWWWVUZlBCUjU3WVZzci1jVWF4eTZOenFOaGZmYm5FRDVzTFlDSGQxN0pxWWc?oc=5,PR TIMES,news_pr,2026-07-16,2026-09-14,2026-09-14T16:56:45,明治,ステップ,明治ステップ,1-3,,"<a href=""https://news.google.com/rss/articles/CBMiakFVX3lxTE1CYzRpTjY1SkRIY19ETUY3TllyTXdSQXNZaTNGM0JOUWlsRlBJSVF5VFgzM1FvdlBaRnVlaWVWWWVUZlBCUjU3WVZzci1jVWF4eTZOenFOaGZmYm5FRDVzTFlDSGQxN0pxWWc?oc=5"" target=""_blank"">乳幼児ママ・プレママの防災備蓄に関する実態調査 2026：防災意識は高いのに、赤ちゃんの備えは“手薄”に。乳幼児ママ・プレママの98.7％が「防災は重要」一方、「十分に備蓄できている」はわずか3.4％ | 株式会社 明治のプレスリリース</a>&nbsp;&nbsp;<font color=""#6f6f6f"">PR TIMES</font>",9bff66ec615021b371b9a0380044abf8a182173241db0ecc29a7e26e7ca6096e,"{""query"": ""\""明治 ステップ\"" PR TIMES after:2026-01-01 before:2026-08-31""}"
61,ビフィズス菌と亜鉛を新配合！お子さまに対する栄養面での不安に応えるフォローアップミルク「明治ステップ」 「明治ステップ らくらくキューブ」3月9日 発売／全国 - PR TIMES,https://news.google.com/rss/articles/CBMiakFVX3lxTE1YYkpzcVFPQ3FQeHQ3T0JwaFhhcktXNXdEemV5QXRKWWJnSW9ROTBvNWFZWFVZc0pRb09zTUVreVd4MElNMk1lNlJEazl6YVAtM0tGNXUxRllpQU4weWFuZzZFQ19kaHNfT3c?oc=5,https://news.google.com/rss/articles/CBMiakFVX3lxTE1YYkpzcVFPQ3FQeHQ3T0JwaFhhcktXNXdEemV5QXRKWWJnSW9ROTBvNWFZWFVZc0pRb09zTUVreVd4MElNMk1lNlJEazl6YVAtM0tGNXUxRllpQU4weWFuZzZFQ19kaHNfT3c?oc=5,PR TIMES,news_pr,2026-03-02,2026-09-14,2026-09-14T16:56:45,明治,ステップ,明治ステップ,1-3,,"<a href=""https://news.google.com/rss/articles/CBMiakFVX3lxTE1YYkpzcVFPQ3FQeHQ3T0JwaFhhcktXNXdEemV5QXRKWWJnSW9ROTBvNWFZWFVZc0pRb09zTUVreVd4MElNMk1lNlJEazl6YVAtM0tGNXUxRllpQU4weWFuZzZFQ19kaHNfT3c?oc=5"" target=""_blank"">ビフィズス菌と亜鉛を新配合！お子さまに対する栄養面での不安に応えるフォローアップミルク「明治ステップ」 「明治ステップ らくらくキューブ」3月9日 発売／全国</a>&nbsp;&nbsp;<font color=""#6f6f6f"">PR TIMES</font>",05d29fdc2d355c1b467b9859d2d5883e53cbce36ab14e382dd12c99e0d7a274e,"{""query"": ""\""明治 ステップ\"" PR TIMES after:2026-01-01 before:2026-08-31""}"
62,ZACROS、海外子会社（インド）の設立および営業開始に関するお知らせ - PR TIMES,https://news.google.com/rss/articles/CBMiakFVX3lxTE1CZTNhaU5FaTVuZkZSeURNNHVZODB0YUVJVmdsWV9RQXdEUnM1dzVnSkhzMGNGbk51ejE5ZDE1Z0dWNDQtV1J5Z1R5ZVJGc044TmdqUGZCR2NQb29xS1lpNHZvTkhzVHU4b3c?oc=5,https://news.google.com/rss/articles/CBMiakFVX3lxTE1CZTNhaU5FaTVuZkZSeURNNHVZODB0YUVJVmdsWV9RQXdEUnM1dzVnSkhzMGNGbk51ejE5ZDE1Z0dWNDQtV1J5Z1R5ZVJGc044TmdqUGZCR2NQb29xS1lpNHZvTkhzVHU4b3c?oc=5,PR TIMES,news_pr,2026-05-11,2026-09-14,2026-09-14T16:57:25,森永乳業,はぐくみ,森永はぐくみ,0-1,,"<a href=""https://news.google.com/rss/articles/CBMiakFVX3lxTE1CZTNhaU5FaTVuZkZSeURNNHVZODB0YUVJVmdsWV9RQXdEUnM1dzVnSkhzMGNGbk51ejE5ZDE1Z0dWNDQtV1J5Z1R5ZVJGc044TmdqUGZCR2NQb29xS1lpNHZvTkhzVHU4b3c?oc=5"" target=""_blank"">ZACROS、海外子会社（インド）の設立および営業開始に関するお知らせ</a>&nbsp;&nbsp;<font color=""#6f6f6f"">PR TIMES</font>",a8a195ec398dfbc780a219aad51d3f961f13497853b5295f66c6f1c59ba532ca,"{""query"": ""\""森永 はぐくみ\"" after:2026-01-01 before:2026-08-31""}"
63,ZACROS、『「MONOSOLUTIONS」ポリエチレン単一素材つめかえパウチ』経済産業省の「プラスチック使用製品設計認定制度」においてフィルム容器で初めての認定を取得 - PR TIMES,https://news.google.com/rss/articles/CBMiakFVX3lxTFBUQkh5ekJfdDl6SUFTLWxhbk1LcTBuM01HU05ULUpOS1JOaTdXVXRxdzNzVmYxNTlyZ29xODEzVkVfN2o2MzZKR2xlY21JSzEyellaUUhwWW5DT3NQTHppc3huc29naFhzNXc?oc=5,https://news.google.com/rss/articles/CBMiakFVX3lxTFBUQkh5ekJfdDl6SUFTLWxhbk1LcTBuM01HU05ULUpOS1JOaTdXVXRxdzNzVmYxNTlyZ29xODEzVkVfN2o2MzZKR2xlY21JSzEyellaUUhwWW5DT3NQTHppc3huc29naFhzNXc?oc=5,PR TIMES,news_pr,2026-06-05,2026-09-14,2026-09-14T16:57:25,森永乳業,はぐくみ,森永はぐくみ,0-1,,"<a href=""https://news.google.com/rss/articles/CBMiakFVX3lxTFBUQkh5ekJfdDl6SUFTLWxhbk1LcTBuM01HU05ULUpOS1JOaTdXVXRxdzNzVmYxNTlyZ29xODEzVkVfN2o2MzZKR2xlY21JSzEyellaUUhwWW5DT3NQTHppc3huc29naFhzNXc?oc=5"" target=""_blank"">ZACROS、『「MONOSOLUTIONS」ポリエチレン単一素材つめかえパウチ』経済産業省の「プラスチック使用製品設計認定制度」においてフィルム容器で初めての認定を取得</a>&nbsp;&nbsp;<font color=""#6f6f6f"">PR TIMES</font>",26d9d4f66578a120b51a46699f90c53923a372d75d4299371fb5d5d26267a9cf,"{""query"": ""\""森永 はぐくみ\"" after:2026-01-01 before:2026-08-31""}"
64,ZACROS、中国現地法人「賽諾世精密材料（無錫）有限公司」開所について - PR TIMES,https://news.google.com/rss/articles/CBMiakFVX3lxTFA3NmV5MktCbXZseDRsaGYyeXQ1ZkoxU0FhdHFBQ2c5X21EVkdNZ19BaTRUWHIwZS1mb19oX3B2NWdnbG14NXRrbUFSOUs3aThsWFlJZmtTWExjZUZCeUtycG1HNzZuS0VTNXc?oc=5,https://news.google.com/rss/articles/CBMiakFVX3lxTFA3NmV5MktCbXZseDRsaGYyeXQ1ZkoxU0FhdHFBQ2c5X21EVkdNZ19BaTRUWHIwZS1mb19oX3B2NWdnbG14NXRrbUFSOUs3aThsWFlJZmtTWExjZUZCeUtycG1HNzZuS0VTNXc?oc=5,PR TIMES,news_pr,2026-08-06,2026-09-14,2026-09-14T16:57:25,森永乳業,はぐくみ,森永はぐくみ,0-1,,"<a href=""https://news.google.com/rss/articles/CBMiakFVX3lxTFA3NmV5MktCbXZseDRsaGYyeXQ1ZkoxU0FhdHFBQ2c5X21EVkdNZ19BaTRUWHIwZS1mb19oX3B2NWdnbG14NXRrbUFSOUs3aThsWFlJZmtTWExjZUZCeUtycG1HNzZuS0VTNXc?oc=5"" target=""_blank"">ZACROS、中国現地法人「賽諾世精密材料（無錫）有限公司」開所について</a>&nbsp;&nbsp;<font color=""#6f6f6f"">PR TIMES</font>",3ad0d0cabd7d1406c0e17511d671a417474da13c46e32ebec1afdbe96e612d90,"{""query"": ""\""森永 はぐくみ\"" after:2026-01-01 before:2026-08-31""}"
65,環境省「製品・サービスのカーボンフットプリントに係るモデル事業」において、プラスチック製の容器包装を対象としたCFP算定ルールを策定 - PR TIMES,https://news.google.com/rss/articles/CBMiakFVX3lxTFAzVElWTnNrcnNFWUlINW1TazdUT1lnMkZHWmJ2QmxmbC1STlJodnhCazhpTnN5Q0YtOTQ4QmtTRURud3RBM05rUDJQSGZ0akxISjAyYVNaWUViTHFJM2JobmJOaUlTMWRRVkE?oc=5,https://news.google.com/rss/articles/CBMiakFVX3lxTFAzVElWTnNrcnNFWUlINW1TazdUT1lnMkZHWmJ2QmxmbC1STlJodnhCazhpTnN5Q0YtOTQ4QmtTRURud3RBM05rUDJQSGZ0akxISjAyYVNaWUViTHFJM2JobmJOaUlTMWRRVkE?oc=5,PR TIMES,news_pr,2026-03-05,2026-09-14,2026-09-14T16:57:25,森永乳業,はぐくみ,森永はぐくみ,0-1,,"<a href=""https://news.google.com/rss/articles/CBMiakFVX3lxTFAzVElWTnNrcnNFWUlINW1TazdUT1lnMkZHWmJ2QmxmbC1STlJodnhCazhpTnN5Q0YtOTQ4QmtTRURud3RBM05rUDJQSGZ0akxISjAyYVNaWUViTHFJM2JobmJOaUlTMWRRVkE?oc=5"" target=""_blank"">環境省「製品・サービスのカーボンフットプリントに係るモデル事業」において、プラスチック製の容器包装を対象としたCFP算定ルールを策定</a>&nbsp;&nbsp;<font color=""#6f6f6f"">PR TIMES</font>",0672416990c159c16b8d02ffd63a91714a48bae738bdcb91790e7cba7e3b4da3,"{""query"": ""\""森永 はぐくみ\"" after:2026-01-01 before:2026-08-31""}"
66,レーベンスミルク はいはい｜商品情報｜離乳食、粉ミルク、ベビーフードの和光堂,https://www.wakodo.co.jp/product/babyfood/milk/haihai/,https://www.wakodo.co.jp/product/babyfood/milk/haihai,www.wakodo.co.jp,official_site,,2026-09-14,2026-09-14T17:00:39,アサヒグループ食品／和光堂,はいはい,レーベンスミルク はいはい,0-1,"[xX~N Í¢Í¢b¤iîñb£ûHA²~NAxr[t[hÌaõ° j [ ¤iîñ îÅT· Ly[îñ aõ°Xg[[ i¿ÖÌ±¾íè ´Þ¿îñ æµXÜõ ¨â¢í¹ / æ­¢½¾­²¿â í±¿áñJtF English ¶ tiếng Việt z[ > ¤iîñ > ~N > [xX~N Í¢Í¢ [xX~N Í¢Í¢ Ô¿áñÉÆÁÄÍ¨ê³ñÌêûªÅÇÅ·B1917NÉYÌçp~Nð­ÈAêûÉßÃ¯é½ßÉ¤ðdËÄÂ­çê½çp~NÅ·Bêûªs«µ½èA °çêÈ¢Æ«A¨g¢¢½¾¯Ü·B 0©`1ÎÌ¨a¶ú ÜÅ [xX~N Í¢Í¢ 810g åØÈÔ¿áñÌ±Æðl¦ÄêûÉßÃ¯½~NÅ·BêûÉÜÜêéåvÈ½ñÏ­¿u¿-NgAu~vðêûÉß¢ÊÜÅ­»µÜµ½BÜ½AÔ¿áñÌSÉz¶µÄêûÉÜÜêÈ¢uÀ-NgOuvðá¸µÄ¢Ü·B yàeÊz 810g I[v¿i ´Þ¿Eh{¬ªEAQîñ ´Þ¿Eh{¬ªE AQîñ ¨··ßN uÍ¢Í¢vðgÁ½£ûHVs æ­¢½¾­²¿âi²~Nj ²ûÉKµ½uÔ¿áñÌ vÌ²Ðî öûÌÍÈµ [xX~N Í¢Í¢ XeBbNpbN OoÌgÑâéÌ²ûÉÖÈXeBbN^CvÅ·B yàeÊz 13g~10{ yó]¬¿iz 626~iÅj ´Þ¿Eh{¬ªEAQîñ ´Þ¿Eh{¬ªE AQîñ ¨··ßN uÍ¢Í¢vðgÁ½£ûHVs æ­¢½¾­²¿âi²~Nj ²ûÉKµ½uÔ¿áñÌ vÌ²Ðî öûÌÍÈµ [xX~N Í¢Í¢ 300g ¬h{âåÊÅÍ½¢Æ¢¤ûÉÖÈ¬ÊÅ·B yàeÊz 300g yó]¬¿iz 1,328~iÅj ´Þ¿Eh{¬ªEAQîñ ´Þ¿Eh{¬ªE AQîñ ¨··ßN uÍ¢Í¢vðgÁ½£ûHVs æ­¢½¾­²¿âi²~Nj ²ûÉKµ½uÔ¿áñÌ vÌ²Ðî öûÌÍÈµ ¤iîñ ûcHi ~N xr[t[h vLbYt[h ¨âÂ ù¿EW  ûcXLPA¼ XLPA I[PA q¶pi ûcü¯ãòi¼ Öé¡Ãò òâ[[ ù¿ DYwü¯¤i DYwü¯¤i aõ°¤iÍATqO[vHiªÌµÄ¢Ü·B vCoV[|V[ §Â« ²pKñ TCg}bv © Asahi Group Foods, Ltd.",[xX~N Í¢Í¢b¤iîñb£ûHA²~NAxr[t[hÌaõ° j [ ¤iîñ îÅT· Ly[îñ aõ°Xg[[ i¿ÖÌ±¾íè ´Þ¿îñ æµXÜõ ¨â¢í¹ / æ­¢½¾­²¿â í±¿áñJtF English ¶ tiếng Việt z[ > ¤iîñ > ~N > [xX~N,86f6cf5136dba740f3399588ca5d2b1f5cf5172775e27ad84006ecb6a9956e6b,{}
67,フォローアップミルク  ぐんぐん｜商品情報｜離乳食、粉ミルク、ベビーフードの和光堂,https://www.wakodo.co.jp/product/babyfood/milk/gungun/,https://www.wakodo.co.jp/product/babyfood/milk/gungun,www.wakodo.co.jp,official_site,,2026-09-14,2026-09-14T17:01:17,アサヒグループ食品／和光堂,ぐんぐん,フォローアップミルク ぐんぐん,1-3,"tH[Abv~N ®ñ®ñb¤iîñb£ûHA²~NAxr[t[hÌaõ° j [ ¤iîñ îÅT· Ly[îñ aõ°Xg[[ i¿ÖÌ±¾íè ´Þ¿îñ æµXÜõ ¨â¢í¹ / æ­¢½¾­²¿â í±¿áñJtF English ¶ tiếng Việt z[ > ¤iîñ > ~N > tH[Abv~N ®ñ®ñ tH[Abv~N ®ñ®ñ £ûHªRñHÉÈéX© ©çÌ¬·úÉÍAeh{fðoXæ­âÁÄ °é±ÆªåØÅ·B£ûHÅÍs«µª¿ÈuJVEvðÍ¶ßAûÅÍÛèÉ­¢uSvAucg`vÌh{fð¨¢µ­T|[gB 9© ©ç3Î ÜÅ tH[Abv~N ®ñ®ñ 830g £ûHª3ñHÉÈé9© ©çÌ¬·úÉAûâHÅÍs«µª¿Èh{ð¨¢µ­T|[g·é~NÅ·BûÅÍÛèÉ­¢DHAâ­çÉåØÈðzµASEJVEEr^~CEr^~DÍ400mlÛæµ½êAHÛæî1`2ÎÌ§ÊEÚÀÊÉÎµÄ1úªð100T|[gÅ«Ü·B yàeÊz 830g I[v¿i ´Þ¿Eh{¬ªEAQîñ ´Þ¿Eh{¬ªE AQîñ ¨··ßN u®ñ®ñvðgÁ½£ûHVs æ­¢½¾­²¿âi²~Nj ²ûÉKµ½uÔ¿áñÌ vÌ²Ðî öûÌÍÈµ tH[Abv~N ®ñ®ñ XeBbNpbN OoÌgÑâ£ûHÌAWÉÖÈXeBbN^CvÅ·B yàeÊz 14g~10{ yó]¬¿iz 626~iÅj ´Þ¿Eh{¬ªEAQîñ ´Þ¿Eh{¬ªE AQîñ ¨··ßN u®ñ®ñvðgÁ½£ûHVs æ­¢½¾­²¿âi²~Nj ²ûÉKµ½uÔ¿áñÌ vÌ²Ðî öûÌÍÈµ tH[Abv~N ®ñ®ñ 300g åÊÅÍ½¢Æ¢¤ûÉÖÈ¬ÊÅ·B yàeÊz 300g yó]¬¿iz 1,069~iÅj ´Þ¿Eh{¬ªEAQîñ ´Þ¿Eh{¬ªE AQîñ ¨··ßN u®ñ®ñvðgÁ½£ûHVs æ­¢½¾­²¿âi²~Nj ²ûÉKµ½uÔ¿áñÌ vÌ²Ðî öûÌÍÈµ ¤iîñ ûcHi ~N xr[t[h vLbYt[h ¨âÂ ù¿EW  ûcXLPA¼ XLPA I[PA q¶pi ûcü¯ãòi¼ Öé¡Ãò òâ[[ ù¿ DYwü¯¤i DYwü¯¤i aõ°¤iÍATqO[vHiªÌµÄ¢Ü·B vCoV[|V[ §Â« ²pKñ TCg}bv © Asahi Group Foods, Ltd.",tH[Abv~N ®ñ®ñb¤iîñb£ûHA²~NAxr[t[hÌaõ° j [ ¤iîñ îÅT· Ly[îñ aõ°Xg[[ i¿ÖÌ±¾íè ´Þ¿îñ æµXÜõ ¨â¢í¹ / æ­¢½¾­²¿â í±¿áñJtF English ¶ tiếng Việt z[ > ¤iîñ > ~N > tH[Ab,eff089aec850829e13a2d8acdd9a4e8ee6a99e10f85b9c7de6d2173dc22219d3,{}
68,双子や三つ子などの多胎児家庭を支援 乳児用液体ミルク「アイクレオ 赤ちゃんミルク」の購入補助支援、７年目へ - PR TIMES,https://news.google.com/rss/articles/CBMiakFVX3lxTE9mVVFOU2ZMS3NDaHJqOWttLW5qMWJDd2xNeFFBWjFlQmh5ZVlNU3lzRWVhZ1ZUVklKYU9Sa0ZjNUdTMDF2cEVQZWxiS2JpMG92NFJWQUF6djQxVVh4RVZad1lmWThBYzU5NVE?oc=5,https://news.google.com/rss/articles/CBMiakFVX3lxTE9mVVFOU2ZMS3NDaHJqOWttLW5qMWJDd2xNeFFBWjFlQmh5ZVlNU3lzRWVhZ1ZUVklKYU9Sa0ZjNUdTMDF2cEVQZWxiS2JpMG92NFJWQUF6djQxVVh4RVZad1lmWThBYzU5NVE?oc=5,PR TIMES,news_pr,2026-07-14,2026-09-14,2026-09-14T17:01:56,江崎グリコ,アイクレオ バランスミルク,アイクレオ バランスミルク,0-1,,"<a href=""https://news.google.com/rss/articles/CBMiakFVX3lxTE9mVVFOU2ZMS3NDaHJqOWttLW5qMWJDd2xNeFFBWjFlQmh5ZVlNU3lzRWVhZ1ZUVklKYU9Sa0ZjNUdTMDF2cEVQZWxiS2JpMG92NFJWQUF6djQxVVh4RVZad1lmWThBYzU5NVE?oc=5"" target=""_blank"">双子や三つ子などの多胎児家庭を支援 乳児用液体ミルク「アイクレオ 赤ちゃんミルク」の購入補助支援、７年目へ</a>&nbsp;&nbsp;<font color=""#6f6f6f"">PR TIMES</font>",21eaa3943efd430356954b59b63aebf46e2b1d5c1f940088f2fa8ef2c5a53088,"{""query"": ""\""グリコ アイクレオ\"" after:2026-01-01 before:2026-08-31""}"
69,「アイクレオ 赤ちゃんミルク」と「cotote(コトテ)」、イエローリボン「ベスト・ファーザー賞」認定商品に選定 - PR TIMES,https://news.google.com/rss/articles/CBMiakFVX3lxTFB0QmpXdFMyYmU2WG5zOFB6WG5WLUZhSVpkWHpHek5iUlZqZ2VPX1Z0RGhOS1Vud1U4RGZjLUl6aG10bnZuTk5GMERITWt3Q3B4SjQ4blhSUmlnVEVCWHRTZHRJNFdKNDR5WVE?oc=5,https://news.google.com/rss/articles/CBMiakFVX3lxTFB0QmpXdFMyYmU2WG5zOFB6WG5WLUZhSVpkWHpHek5iUlZqZ2VPX1Z0RGhOS1Vud1U4RGZjLUl6aG10bnZuTk5GMERITWt3Q3B4SjQ4blhSUmlnVEVCWHRTZHRJNFdKNDR5WVE?oc=5,PR TIMES,news_pr,2026-06-03,2026-09-14,2026-09-14T17:01:56,江崎グリコ,アイクレオ バランスミルク,アイクレオ バランスミルク,0-1,,"<a href=""https://news.google.com/rss/articles/CBMiakFVX3lxTFB0QmpXdFMyYmU2WG5zOFB6WG5WLUZhSVpkWHpHek5iUlZqZ2VPX1Z0RGhOS1Vud1U4RGZjLUl6aG10bnZuTk5GMERITWt3Q3B4SjQ4blhSUmlnVEVCWHRTZHRJNFdKNDR5WVE?oc=5"" target=""_blank"">「アイクレオ 赤ちゃんミルク」と「cotote(コトテ)」、イエローリボン「ベスト・ファーザー賞」認定商品に選定</a>&nbsp;&nbsp;<font color=""#6f6f6f"">PR TIMES</font>",4bfa050bfdc70116b52ee68d9bc9a54050898ed3aab858edaf3d925a220ced57,"{""query"": ""\""グリコ アイクレオ\"" after:2026-01-01 before:2026-08-31""}"
70,404 Page Not Found | 雪印メグミルク株式会社,https://www.meg-snow.com/products/detail.php?p=mother_pure,https://www.meg-snow.com/products/detail.php?p=mother_pure,www.meg-snow.com,official_site,,2026-09-14,2026-09-14T17:03:13,雪印メグミルク,ぴゅあ,雪印メグミルクぴゅあ,0-1,404 Page Not Found | éªå°ã¡ã°ãã«ã¯æ ªå¼ä¼ç¤¾ ååã» ã­ã£ã³ãã¼ã³ ååã®ãæ¡å TOP çä¹³ã»ä¹³é£²æ ææ±ã»é£²æ ã¨ã¼ã°ã«ã ãã¶ã¼ã ã¯ãªã¼ã ãã¿ã¼ã» ãã¼ã¬ãªã³ ãã¼ãº ç·´ä¹³ã»ã¹ã­ã ãã«ã¯ã» ãã®ä» å® é åå è²å ç¨ç²ãã«ã¯ ãµããªã¡ã³ãã» å¥åº·é£å æ¥­åç¨åå æ°åå ååãã©ã³ãä¸è¦§ å¥åº·ãèããåå ãã¬ã¼ã³ãã­ã£ã³ãã¼ã³ ã ã¼ãã¼ã®ã£ã©ãªã¼ éãã å­¦ã¶ã» ä½é¨ å­¦ã¶ã»ä½é¨ ä½é¨ã»ã¤ãã³ã ä½é¨ã»ã¤ãã³ã å­¦ã¶ã»æ¥½ãã å­¦ã¶ã»æ¥½ãã ã ã¼ãã¼ã®ã£ã©ãªã¼ ã­ã£ã³ãã¼ã³ ã¡ã³ãã¼ä¼å¡ ã¡ã³ãã¼ä¼å¡ éãã ã¬ã·ã ãæçã¬ã·ãTOP ç¹éä¸è¦§ ã¬ã·ããé¸ã¶ ã¬ã·ããé¸ã¶ ã¬ã·ãåç» æ åã¯ãã¿ã®ãã«ã¯ã®ããçæ´» ãã¼ãºã¯ã©ã éãã ãµã¹ããããªãã£ ãµã¹ããããªãã£TOP ãããã¡ãã»ã¼ã¸ éªå°ã¡ã°ãã«ã¯ã°ã«ã¼ãã®çå¿µä½ç³» ãµã¹ããããªãã£çµå¶ éè¦èª²é¡ï¼ãããªã¢ãªãã£ï¼ç¹å®ãã­ã»ã¹ éªå°ã¡ã°ãã«ã¯ã¬ãã¼ã ï¼çµ±åå ±åæ¸ï¼ ESGãã¼ã¿é Environmentï¼ç°å¢ï¼ Societyï¼ç¤¾ä¼ï¼ Governanceï¼ã¬ããã³ã¹ï¼ éãã ä¼ç¤¾æ å ± ä¼ç¤¾æ å ±TOP éªå°ã¡ã°ãã«ã¯ã°ã«ã¼ãã®çå¿µä½ç³» ãããã¡ãã»ã¼ã¸ æ²¿é© äºæ¥­æ¡å ä¼æ¥­ãã¼ã¿ ãµã¹ããããªãã£ IRæ å ± éªå°ã¡ã°ãã«ã¯ã®DX æ¡ç¨æ å ± ã¸ã£ã³ãéªå°ã¡ã°ãã«ã¯ éãã IR ï¼æ ªä¸»ã»æè³å®¶æ å ±ï¼ IRï¼æ ªä¸»ã»æè³å®¶æ å ±ï¼TOP ãããã¡ãã»ã¼ã¸ ææ°æ±ºç®è³æ åäººæè³å®¶ã®çæ§ã¸ IRãã¥ã¼ã¹ IRã«ã¬ã³ãã¼ çµå¶æ¹é IRã©ã¤ãã©ãª æ ªå¼ã»æ ªä¾¡æ å ± è²¡åã»éè²¡åãã¤ã©ã¤ã éãã ãå®¢æ§ã»ã³ã¿ã¼ ç ç©¶éçº æ¡ç¨æ å ± ENGLISH éãã ååã®ãæ¡å çä¹³ã»ä¹³é£²æ ææ±ã»é£²æ ã¨ã¼ã°ã«ã ãã¶ã¼ã å® é åå ãã¿ã¼ã» ãã¼ã¬ãªã³ ãã¼ãº ç·´ä¹³ã»ã¹ã­ã ãã«ã¯ã»ãã®ä» è²å ç¨ç²ãã«ã¯ ãµããªã¡ã³ãã»å¥åº·é£å ãã©ã³ããµã¤ãä¸è¦§ ã¯ãªã¼ã ä¿å¥æ©è½é£åæ¤ç´¢ ç¹å®ä¿å¥ç¨é£å æ©è½æ§è¡¨ç¤ºé£å æ¥­åç¨åå ã¢ã¬ã«ã²ã³è¡¨ç¤º ä¸»è¦ååã® æ é¤æåè¡¨ç¤ºä¸è¦§ ç¥ãã»æ¥½ãã ãæçã¬ã·ã ãµã¹ããããªãã£ ä¼ç¤¾æ å ± IR ï¼æ ªä¸»ã»æè³å®¶æ å ±ï¼ ãç¥ãã ï¼ãã¥ã¼ã¹ãªãªã¼ã¹ï¼,404 Page Not Found | éªå°ã¡ã°ãã«ã¯æ ªå¼ä¼ç¤¾ ååã» ã­ã£ã³ãã¼ã³ ååã®ãæ¡å TOP çä¹³ã»ä¹³é£²æ ææ±ã»é£²æ ã¨ã¼ã°ã«ã ãã¶ã¼ã ã¯ãªã¼ã ãã¿ã¼ã» ãã¼ã¬ãªã³ ãã¼ãº ç·´ä¹³ã»ã¹ã­ã ãã«ã¯ã» ãã®ä» å® é åå è²å ç¨ç²ãã«ã¯ ãµ,fa746b145a7f4da794ff3b46560f7d5c78e96fbf0dac51d1be91d2845541d2af,{}
71,404 Page Not Found | 雪印メグミルク株式会社,https://www.meg-snow.com/products/detail.php?p=mother_touch,https://www.meg-snow.com/products/detail.php?p=mother_touch,www.meg-snow.com,official_site,,2026-09-14,2026-09-14T17:03:51,雪印メグミルク,たっち,雪印メグミルクたっち,1-3,404 Page Not Found | éªå°ã¡ã°ãã«ã¯æ ªå¼ä¼ç¤¾ ååã» ã­ã£ã³ãã¼ã³ ååã®ãæ¡å TOP çä¹³ã»ä¹³é£²æ ææ±ã»é£²æ ã¨ã¼ã°ã«ã ãã¶ã¼ã ã¯ãªã¼ã ãã¿ã¼ã» ãã¼ã¬ãªã³ ãã¼ãº ç·´ä¹³ã»ã¹ã­ã ãã«ã¯ã» ãã®ä» å® é åå è²å ç¨ç²ãã«ã¯ ãµããªã¡ã³ãã» å¥åº·é£å æ¥­åç¨åå æ°åå ååãã©ã³ãä¸è¦§ å¥åº·ãèããåå ãã¬ã¼ã³ãã­ã£ã³ãã¼ã³ ã ã¼ãã¼ã®ã£ã©ãªã¼ éãã å­¦ã¶ã» ä½é¨ å­¦ã¶ã»ä½é¨ ä½é¨ã»ã¤ãã³ã ä½é¨ã»ã¤ãã³ã å­¦ã¶ã»æ¥½ãã å­¦ã¶ã»æ¥½ãã ã ã¼ãã¼ã®ã£ã©ãªã¼ ã­ã£ã³ãã¼ã³ ã¡ã³ãã¼ä¼å¡ ã¡ã³ãã¼ä¼å¡ éãã ã¬ã·ã ãæçã¬ã·ãTOP ç¹éä¸è¦§ ã¬ã·ããé¸ã¶ ã¬ã·ããé¸ã¶ ã¬ã·ãåç» æ åã¯ãã¿ã®ãã«ã¯ã®ããçæ´» ãã¼ãºã¯ã©ã éãã ãµã¹ããããªãã£ ãµã¹ããããªãã£TOP ãããã¡ãã»ã¼ã¸ éªå°ã¡ã°ãã«ã¯ã°ã«ã¼ãã®çå¿µä½ç³» ãµã¹ããããªãã£çµå¶ éè¦èª²é¡ï¼ãããªã¢ãªãã£ï¼ç¹å®ãã­ã»ã¹ éªå°ã¡ã°ãã«ã¯ã¬ãã¼ã ï¼çµ±åå ±åæ¸ï¼ ESGãã¼ã¿é Environmentï¼ç°å¢ï¼ Societyï¼ç¤¾ä¼ï¼ Governanceï¼ã¬ããã³ã¹ï¼ éãã ä¼ç¤¾æ å ± ä¼ç¤¾æ å ±TOP éªå°ã¡ã°ãã«ã¯ã°ã«ã¼ãã®çå¿µä½ç³» ãããã¡ãã»ã¼ã¸ æ²¿é© äºæ¥­æ¡å ä¼æ¥­ãã¼ã¿ ãµã¹ããããªãã£ IRæ å ± éªå°ã¡ã°ãã«ã¯ã®DX æ¡ç¨æ å ± ã¸ã£ã³ãéªå°ã¡ã°ãã«ã¯ éãã IR ï¼æ ªä¸»ã»æè³å®¶æ å ±ï¼ IRï¼æ ªä¸»ã»æè³å®¶æ å ±ï¼TOP ãããã¡ãã»ã¼ã¸ ææ°æ±ºç®è³æ åäººæè³å®¶ã®çæ§ã¸ IRãã¥ã¼ã¹ IRã«ã¬ã³ãã¼ çµå¶æ¹é IRã©ã¤ãã©ãª æ ªå¼ã»æ ªä¾¡æ å ± è²¡åã»éè²¡åãã¤ã©ã¤ã éãã ãå®¢æ§ã»ã³ã¿ã¼ ç ç©¶éçº æ¡ç¨æ å ± ENGLISH éãã ååã®ãæ¡å çä¹³ã»ä¹³é£²æ ææ±ã»é£²æ ã¨ã¼ã°ã«ã ãã¶ã¼ã å® é åå ãã¿ã¼ã» ãã¼ã¬ãªã³ ãã¼ãº ç·´ä¹³ã»ã¹ã­ã ãã«ã¯ã»ãã®ä» è²å ç¨ç²ãã«ã¯ ãµããªã¡ã³ãã»å¥åº·é£å ãã©ã³ããµã¤ãä¸è¦§ ã¯ãªã¼ã ä¿å¥æ©è½é£åæ¤ç´¢ ç¹å®ä¿å¥ç¨é£å æ©è½æ§è¡¨ç¤ºé£å æ¥­åç¨åå ã¢ã¬ã«ã²ã³è¡¨ç¤º ä¸»è¦ååã® æ é¤æåè¡¨ç¤ºä¸è¦§ ç¥ãã»æ¥½ãã ãæçã¬ã·ã ãµã¹ããããªãã£ ä¼ç¤¾æ å ± IR ï¼æ ªä¸»ã»æè³å®¶æ å ±ï¼ ãç¥ãã ï¼ãã¥ã¼ã¹ãªãªã¼ã¹ï¼,404 Page Not Found | éªå°ã¡ã°ãã«ã¯æ ªå¼ä¼ç¤¾ ååã» ã­ã£ã³ãã¼ã³ ååã®ãæ¡å TOP çä¹³ã»ä¹³é£²æ ææ±ã»é£²æ ã¨ã¼ã°ã«ã ãã¶ã¼ã ã¯ãªã¼ã ãã¿ã¼ã» ãã¼ã¬ãªã³ ãã¼ãº ç·´ä¹³ã»ã¹ã­ã ãã«ã¯ã» ãã®ä» å® é åå è²å ç¨ç²ãã«ã¯ ãµ,fa746b145a7f4da794ff3b46560f7d5c78e96fbf0dac51d1be91d2845541d2af,{}
